 Keyword,Volume,Keyword Difficulty,Intent,CPC (USD)
mp3 juice,165000,32,Informational,2.65
facebook video downloader,135000,51,Informational,0.12
youtube to wav,74000,17,Commercial,0.00
tiktok story viewer,60500,28,Informational,0.00
mp3 juice download,40500,26,Informational,2.05
download a video from a tweet,27100,37,Informational,0.24
tiktok to mp3,27100,29,Informational,0.00
twitter gif downloader,27100,18,Informational,0.00
download imp3,18100,32,Informational,1.46
download x video download,18100,35,Informational,0.21
x video downloader,18100,28,Informational,0.21
y2mp3,18100,29,"Informational, Transactional",0.00
facebook reel downloader,14800,38,Informational,0.25
mp3 juice download download,14800,37,Informational,2.05
save from net,14800,65,Informational,0.75
facebook reels,12100,47,"Navigational, Transactional",14.03
tiktok profile viewer,12100,26,Informational,6.30
xvideos downloader,12100,26,Informational,0.00
anonymous tiktok viewer,9900,15,Informational,0.00
dl fb reels,9900,30,Informational,0.13
download facebook reel,9900,35,Informational,0.13
download facebook reels,9900,34,Informational,0.13
link to mp3,9900,46,Informational,0.00
mp3 juice downloader,9900,31,Informational,2.05
x video download,9900,36,Informational,0.21
download facebook videos,8100,55,Informational,0.13
download tiktok video without watermark,8100,36,Informational,1.41
download twitter gif,8100,20,Informational,0.00
fdown,8100,38,Navigational,1.00
fdownloader,8100,30,Navigational,0.00
juice mp3 juice,8100,35,Informational,2.65
tiktok anonymous viewer,8100,19,Informational,0.00
watch tiktok without app,8100,42,Informational,0.00
download songs mp3 juices,6600,21,Informational,0.00
fb down,6600,26,Navigational,1.00
fb reel downloader,6600,32,Informational,0.00
how to download tiktok videos,6600,49,Informational,1.50
juice pm3,6600,33,Informational,2.65
link downloader,6600,40,Informational,0.96
tiktok audio downloader,6600,40,Informational,1.79
titk,6600,32,"Informational, Navigational",5.36
twitter gif download,6600,16,Informational,0.00
twitter to gif,6600,20,Informational,0.00
ymp3,6600,39,Commercial,0.00
3 juice mp3,5400,23,Informational,0.00
download fb reels,5400,38,Informational,0.13
download gif from twitter,5400,28,Informational,0.00
downloader x video,5400,24,Informational,0.00
facebook reels download,5400,27,Informational,0.25
remove tiktok watermark,5400,48,Informational,1.40
tiktok mp3,5400,43,Informational,0.00
tweet to gif,5400,23,Informational,0.00
twitter gif dl,5400,22,Informational,0.00
ytmp,5400,60,Informational,0.00
dl reddit video,4400,15,Informational,0.00
download x vedeo,4400,38,Informational,0.00
eseses,4400,33,Informational,6.14
ficbook,4400,36,Navigational,0.00
getmp3,4400,20,Informational,0.00
gifs in twitter,4400,30,Informational,0.00
how to download facebook videos,4400,33,Informational,0.21
reddit gif,4400,47,Informational,0.00
reddit gif downloader,4400,35,Informational,0.00
reddit gifs,4400,35,Navigational,0.00
reddit to mp4,4400,39,Informational,0.00
save video for twitter,4400,20,Informational,0.46
soundcloudmp3,4400,15,Informational,0.00
tiktok account viewer,4400,51,Informational,16.42
tiktok anonymous,4400,30,Informational,0.00
twitter gif,4400,34,Informational,0.00
twitter gif to gif,4400,26,Informational,0.00
tải video facebook,4400,35,Informational,0.00
x to mp4,4400,50,Informational,0.00
download from link,3600,48,Informational,0.96
facebook reel download,3600,37,Informational,0.25
fb reels download,3600,48,Informational,0.00
fdown net,3600,35,Navigational,0.92
how can i download from facebook video,3600,48,Informational,0.29
how can i save facebook videos,3600,26,Informational,0.28
how i can download video from facebook,3600,29,Informational,0.29
how to download video from facebook,3600,29,Informational,0.29
how to to download facebook videos,3600,26,Informational,0.29
imput,3600,36,Informational,0.00
kobalt tool set,3600,27,"Informational, Transactional",0.34
snap tiktok,3600,38,Informational,1.25
tik tok to mp4,3600,37,Informational,1.21
tiktok sound downloader,3600,36,Informational,1.44
ttik,3600,31,"Informational, Navigational",5.36
twitter to mp3,3600,12,Informational,0.00
co.wukko,2900,25,"Informational, Transactional",0.00
download gif from tweet,2900,16,Informational,0.00
downloading gif from twitter,2900,10,Informational,0.00
flipagram,2900,37,Informational,1.04
gif from twitter,2900,33,Informational,0.00
how i save video from facebook,2900,30,Informational,0.28
how to download videos from facebook,2900,26,Informational,0.29
how to save the facebook videos,2900,44,Informational,0.28
juice 3 mp3,2900,26,Informational,0.00
mp3.juice,2900,29,Informational,0.00
mpe juice,2900,47,Informational,2.65
telecharger video dans facebook,2900,18,Informational,0.00
tikk,2900,36,"Informational, Transactional",8.25
tiktok pfp downloader,2900,9,Informational,0.00
tiktok video download without watermark,2900,57,Informational,1.20
tweet a gif,2900,34,Informational,0.00
twitter for video,2900,35,Informational,0.00
x gif,2900,41,Informational,0.00
anonymous tiktok story viewer,2400,14,Informational,0.00
dld twitter,2400,32,Informational,0.57
download tiktok audio,2400,31,Informational,1.74
fdownload,2400,26,Informational,0.00
firefox video downloader,2400,39,Informational,0.86
gif downloader twitter,2400,22,Informational,0.00
how to download a video from facebook,2400,39,Informational,0.23
how to download facebook video,2400,35,Informational,0.14
mewing cat,2400,28,Informational,0.71
mewing gif,2400,21,"Informational, Transactional",0.00
mp3 converter tiktok,2400,39,Informational,1.27
mp3 juice cc,2400,29,Informational,0.00
mp3 juice download music free download,2400,20,Informational,2.39
mp3 juice downloader --,2400,36,Informational,0.00
mp3 juice free download,2400,19,Informational,2.39
red gif downloader,2400,10,Informational,0.00
reddit gif download,2400,33,Informational,0.00
save twitter,2400,62,Informational,0.00
tiktok downloader mp3,2400,38,Informational,1.27
tiktok to mp3 converter,2400,43,Informational,1.32
tweet to video,2400,38,Informational,0.00
twitter video downloader extension,2400,43,Informational,0.00
url a mp3,2400,50,Informational,0.00
url mp4,2400,25,Informational,0.00
watermark remover tiktok,2400,49,Informational,1.21
4k video downloader.,1900,41,"Informational, Transactional",0.62
can you download gifs with twitter premium,1900,40,Informational,0.00
chrome extension facebook reels,1900,37,"Informational, Transactional",0.00
dl fb reel,1900,34,Informational,0.13
download facebook stories,1900,36,Informational,0.00
download gif in twitter,1900,31,Informational,0.00
download mp3 music downloader,1900,41,Informational,0.80
download social media videos easily,1900,31,Informational,0.00
download youtube video 1080p,1900,39,Informational,0.00
extension instagram song,1900,38,Informational,0.00
facebook private video downloader,1900,53,Informational,0.24
facebook video downloader app,1900,39,Informational,0.44
facebook video facebook video,1900,37,"Informational, Transactional",0.00
how can i download a video from facebook,1900,25,Informational,0.29
how do i download a video from facebook,1900,25,Informational,0.29
how do i download a video to facebook,1900,25,Informational,0.21
how do i save a fb video,1900,32,Informational,0.28
how do you download a video from facebook,1900,25,Informational,0.29
how do you download facebook video,1900,42,Informational,0.29
how to save a video off of facebook,1900,28,Informational,0.28
how to save tiktok without watermark,1900,25,Informational,2.00
is mkv or webm better,1900,15,"Informational, Commercial",0.00
remux,1900,13,Informational,0.00
rip tiktok,1900,38,Informational,0.00
save twitter gif,1900,30,Informational,0.00
snapchat story download,1900,32,Informational,0.00
tiktok video indir,1900,37,"Informational, Commercial",0.00
tuktok,1900,33,Navigational,3.14
tải video x,1900,13,Informational,1.82
x videos download,1900,38,Informational,0.21
xxx video download video,1900,29,Informational,0.00
youtube to wav downloader,1900,11,Commercial,0.00
youtube video downloader hd,1900,26,Informational,0.00
youtube video mp4 download,1900,40,"Informational, Transactional",0.00
ytm3,1900,21,"Informational, Transactional",0.00
fb reel download,1600,26,"Informational, Transactional",0.00
link to mp3 converter,1600,49,Informational,0.00
donw,1600,26,Informational,1.56
douyin video downloader,1600,15,Informational,1.44
download from mp4,1600,32,Informational,0.95
download reddit gif,1600,18,Informational,0.00
download twitter gifs,1600,27,Informational,0.00
download video from x,1600,21,Informational,0.17
download video x,1600,33,"Informational, Transactional",0.00
error gif,1600,26,"Informational, Transactional",0.00
facebook to mp3,1600,35,"Informational, Commercial",0.00
facebook video downlaod,1600,37,"Informational, Transactional",0.46
finsta app,1600,26,Informational,1.51
getvideo,1600,19,Informational,1.61
gif download off twitter,1600,25,"Informational, Transactional",0.00
how do you save a gif on an iphone,1600,34,Informational,0.00
how to download a facebook video,1600,48,Informational,0.50
how to download videos on twitter,1600,16,Informational,0.17
how to save a reel to camera roll,1600,34,Informational,1.92
how to save a video from facebook,1600,27,Informational,0.32
how to save facebook videos,1600,32,Informational,0.34
how to save twitter videos,1600,37,Informational,0.30
juice mpr,1600,28,"Informational, Commercial",0.00
kobalt tool,1600,39,Commercial,0.34
mp3 juice cca,1600,29,Informational,0.00
mp3 juice music download,1600,25,Informational,1.60
rechazame,1600,44,Informational,0.00
save facebook reel,1600,37,"Informational, Transactional",0.00
save from net facebook video downloader,1600,39,Informational,0.00
snapchat video download,1600,15,"Informational, Commercial",0.00
tik watermark,1600,27,Informational,1.20
tiktok anonymous story viewer,1600,22,Informational,0.00
tiktok download mp3,1600,36,Informational,1.17
tiktok downloader tools,1600,39,"Informational, Transactional",0.00
tiktok repost viewer,1600,18,Informational,0.00
tiktok to mp4 converter,1600,39,Informational,0.00
tiktok video downloaderextension,1600,37,Informational,0.00
twitter gif saver,1600,25,Informational,0.00
video downloader professional says wrong forma,1600,15,"Informational, Transactional",0.00
videoder - video downloader,1600,32,Informational,0.00
view tiktok story anonymously,1600,16,Informational,0.00
youtube to mp3 zeemo,1600,28,Navigational,0.00
ytp3,1600,8,Informational,0.00
av1 to mp4,1600,25,"Informational, Transactional",0.68
xvideos gifs,1300,28,"Navigational, Transactional",0.00
anon tiktok viewer,1300,23,Commercial,0.00
convertir opus a mp3,1300,32,Informational,0.02
donwload mp3,1300,36,"Informational, Commercial",0.00
doun,1300,28,Informational,0.00
download facebook video private,1300,25,Informational,0.38
download fb story,1300,33,"Informational, Transactional",0.00
download gif twitter,1300,32,Informational,0.00
download tiktok story,1300,45,Informational,1.21
download youtube videos 1080p,1300,55,"Informational, Transactional",0.00
drake tweets,1300,33,Informational,0.00
facebook photo downloader,1300,32,Informational,0.00
facebook search without account,1300,30,Informational,0.00
fdow,1300,22,Informational,0.29
gif save twitter,1300,18,Informational,0.00
how can i save a video from facebook,1300,43,Informational,0.34
how can you save videos from twitter,1300,37,Informational,0.30
how do i save videos on twitter,1300,24,Informational,0.30
how do you download videos from websites,1300,24,Informational,0.70
how do you save a twitter video,1300,35,Informational,0.30
how save gifs,1300,27,Informational,0.00
how to download a twitter video,1300,39,Informational,0.17
how to download photos from facebook,1300,31,Informational,0.00
how to save gifs on an iphone,1300,27,Informational,0.00
how to save video tweets,1300,16,Informational,0.30
how to to download video from facebook,1300,27,Informational,0.29
juice mp3 music downloader,1300,33,"Informational, Commercial",1.08
marca sin agua,1300,29,Informational,1.39
mewing device,1300,16,Informational,0.44
mo3 juice,1300,38,Informational,0.00
mp3 converter ios,1300,35,Informational,0.59
mp3 jucies,1300,33,Informational,0.00
mp3 juice ccn,1300,27,"Informational, Commercial",0.00
mp3 juice mp3 downloader,1300,36,Informational,0.00
mp3 juice music,1300,19,"Informational, Commercial",2.51
private video downloader,1300,26,"Navigational, Transactional",0.38
recargar tik tok,1300,30,Navigational,4.16
save gif from twitter,1300,19,Informational,0.00
save tiktok video without watermark,1300,33,Informational,1.65
telecharger une video facebook,1300,19,"Informational, Transactional",0.00
telecharger video daily motion,1300,30,Informational,0.00
tik tok download pc,1300,34,Informational,0.61
tik tok photo download,1300,25,Informational,1.25
tiktok audio download,1300,28,Informational,2.52
tiktok downloader with watermark,1300,31,"Informational, Commercial",1.52
tiktok image downloader,1300,25,Informational,0.00
tiktok mp3 converter,1300,34,Informational,0.00
tiktok mp3 downloaden,1300,33,Informational,0.00
tiktok snap,1300,34,"Informational, Transactional",1.79
tiktok stories viewer,1300,20,Informational,7.20
tiktok to mo4,1300,32,Navigational,0.00
tt tiki bar,1300,33,Navigational,0.00
twing,1300,31,Informational,0.00
twitter image downloader,1300,10,"Informational, Commercial",0.00
twitter save video,1300,34,Informational,0.00
twitter video tool,1300,10,"Informational, Commercial",0.00
twitter video tools,1300,11,Informational,0.00
vdo web,1300,39,"Informational, Transactional",2.37
video indir,1300,37,Informational,0.00
xvideo video downloader,1300,35,"Informational, Commercial",0.00
youtube downloader ss,1300,32,Informational,0.00
youtube short video downloader,1300,13,"Informational, Commercial",0.00
yt to wav',1300,13,Commercial,0.00
download free music mp3 juice,1300,50,"Informational, Commercial",1.36
download twitter link,1300,44,"Informational, Commercial",0.00
download video mp4,1300,64,"Informational, Commercial",1.53
tiktok online viewer,1300,35,Informational,0.00
tektok,1300,42,Informational,0.73
download pic facebook,1000,38,Informational,0.00
download videos from x,1000,12,Informational,0.33
movie gifs,1000,30,"Informational, Transactional",0.00
mp3 music downloader free,1000,39,Informational,0.87
savd shorts,1000,36,Informational,2.59
save gif,1000,43,Informational,0.00
tiktok anon,1000,36,Informational,0.00
tweet to mp3,1000,13,"Informational, Commercial",0.00
anon tiktok,1000,37,Informational,0.00
c o b a l,1000,23,Informational,0.00
cideo,1000,25,"Informational, Commercial",1.24
download mp3 juice free music,1000,29,Informational,1.96
download tiktok sound,1000,31,Informational,2.37
downloader photo facebook,1000,38,Informational,0.00
dtiktok,1000,18,Informational,3.14
facebook download videos,1000,28,Informational,0.26
facebook video downloader app download,1000,31,"Informational, Commercial",0.49
facebook video downloader chrome,1000,38,"Informational, Transactional",0.12
facebook with chrome,1000,32,"Navigational, Transactional",0.00
fb download pic,1000,34,Informational,0.00
fb fb status,1000,16,Commercial,0.00
fb reels dl,1000,24,"Informational, Transactional",0.00
free np3 music download,1000,40,"Informational, Commercial",0.91
gif to webm,1000,37,"Informational, Commercial",0.00
gif twitter,1000,31,Informational,0.00
gif twitter downloader,1000,14,Informational,0.00
gif x,1000,27,Informational,0.00
how can i download a picture from facebook,1000,28,Informational,0.00
how do i download facebook videos,1000,27,Informational,0.40
how do i download videos from twitter,1000,36,Informational,0.17
how do i save videos from twitter,1000,32,Informational,0.30
how do you download a live video from facebook,1000,37,Informational,0.47
how to download a facebook live video,1000,36,Informational,0.47
how to download pic from fb,1000,32,Informational,0.00
how to download video from twitter,1000,40,Informational,0.19
how to save a gif from twitter,1000,21,Informational,0.11
how to save gifs on iphone,1000,31,Informational,0.00
how to save videos from facebook,1000,25,Informational,0.28
link gif,1000,25,Informational,0.00
mp3 converter convert2mp3,1000,27,Informational,0.00
mp3 tiktok,1000,24,"Informational, Commercial",0.00
mp4 tiktok,1000,37,Informational,0.00
mpe songs free download,1000,36,Informational,0.67
nbr njr,1000,27,Informational,9.82
paste downloader,1000,39,Informational,0.00
pinterest 视频下载,1000,24,Informational,0.00
reel to mp3,1000,36,Informational,2.70
save gif from url online,1000,37,Informational,0.00
saved reels on facebook,1000,29,Informational,0.00
savetwitter,1000,35,Informational,0.00
saving facebook reels,1000,27,Informational,0.00
storysave,1000,38,"Informational, Commercial",0.05
thread video downloader,1000,32,Informational,0.01
tick tock gif,1000,26,"Informational, Navigational",0.00
tik tok profile viewer,1000,38,Informational,6.30
tiktok comment viewer,1000,13,Informational,0.00
tiktok gifs,1000,33,Informational,0.00
tiktok image downmlaoder,1000,28,Informational,0.00
tiktok profile picture download,1000,8,Informational,0.00
tiktok slideshow downloader,1000,19,Informational,0.00
tiktok sound effects,1000,24,Informational,1.63
tiktok sounds download,1000,28,"Informational, Transactional",1.28
tiktok story,1000,33,Informational,7.20
tiktok videos anonymously,1000,27,Informational,0.00
tiktok viewer online,1000,34,Informational,0.00
tiktok viewer picuki,1000,26,Informational,0.00
tweet a video,1000,16,"Informational, Transactional",0.00
twister gif,1000,23,"Informational, Transactional",0.00
twitter download gif,1000,18,Informational,0.00
twitter gifs,1000,33,Informational,0.00
twitter how to quote a tweet,1000,15,Informational,0.00
twitter media downloader,1000,37,"Informational, Transactional",0.00
twitter video to gif,1000,75,Informational,0.00
url to mp4 converter,1000,38,Informational,0.00
video downloader url,1000,17,Informational,0.00
view tiktok story,1000,26,"Informational, Transactional",8.00
watch tiktok story anonymously,1000,28,"Informational, Transactional",0.00
when can you download tiktok again,1000,25,Informational,0.00
wukko,1000,29,Informational,0.00
x video downloded,1000,32,"Informational, Transactional",0.23
x viseo download,1000,31,"Informational, Transactional",0.23
xiaohongshu downloader,1000,23,Commercial,2.09
xmdnlxj wjwkd,1000,28,Informational,0.00
ytmp4 downlaod 4k,1000,10,Commercial,0.00
mo3 download,1000,51,"Informational, Commercial",0.00
x gif downloader,880,13,"Informational, Commercial",0.00
mp3 juice download music,880,38,"Informational, Commercial",0.00
tiktok anonymous viewer free,880,43,"Informational, Commercial",0.00
4k gifs,880,36,"Informational, Transactional",0.00
all media downloader,880,31,"Informational, Transactional",1.44
app download video from facebook,880,32,Informational,0.49
doen shorts,880,18,Informational,1.75
dowen,880,24,"Informational, Transactional",0.00
download facebook video downloader app,880,28,Informational,0.44
download free mp3 juice,880,33,Informational,2.39
download tiktok mp3,880,30,Informational,0.00
download tiktok profile picture,880,8,Informational,0.00
download to mp3,880,34,Commercial,0.00
download twitter dm video,880,32,Informational,0.00
download video from fb,880,37,Informational,0.43
download youtube videos free online,880,23,"Informational, Commercial",1.52
downloading facebook stories,880,30,"Informational, Transactional",0.00
embed tweet,880,21,Informational,4.43
facebook image downloader,880,26,Informational,0.00
fb reels downloader,880,28,Informational,0.26
fdown net video downloader,880,31,Navigational,0.00
find this twitter gif,880,37,Informational,0.00
free hd movie downloads direct download,880,39,Informational,0.93
free mp3 download online,880,42,"Informational, Commercial",0.00
getfviid,880,28,"Informational, Commercial",0.00
how can you download a video from facebook,880,28,Informational,0.40
how can you save a video from twitter,880,36,Informational,0.29
how can you save videos from facebook to your phone,880,31,Informational,0.53
how do i download a live facebook video,880,34,Informational,0.47
how do you save videos from facebook to your phone,880,21,Informational,0.37
how do you save videos on twitter,880,27,Informational,0.29
how long can a facebook reel be,880,30,Informational,0.00
how to download a video on facebook,880,24,Informational,0.29
how to download a video on twitter,880,23,Informational,0.17
how to download all photos from facebook,880,28,Informational,0.00
how to download facebook photos,880,29,Informational,0.00
how to download video from the facebook,880,33,Informational,0.29
how to find the saved videos on facebook,880,28,Informational,0.00
how to post video on fb,880,40,Informational,1.14
how to save a tweet video,880,37,Informational,0.29
how to save facebook videos on your phone,880,39,Informational,0.43
how to save fb videos to your phone,880,51,Informational,0.37
how to save gif iphone,880,35,Informational,0.00
how to save gifs from twitter,880,27,Informational,0.11
how to save reel to camera roll,880,32,Informational,1.46
juice com mp3,880,36,"Informational, Commercial",1.13
mp4 downloader -- youtube,880,4,"Informational, Commercial",0.00
nbrnjr,880,25,Informational,9.82
no watermark tiktok,880,36,"Informational, Transactional",1.03
online video player from url,880,29,"Informational, Commercial",2.40
private tiktok viewer,880,11,Informational,0.00
red gif download,880,26,Informational,0.00
red note video downloader,880,0,"Informational, Transactional",0.00
remove tiktok watermark free,880,33,Informational,1.19
save a video from facebook,880,28,Informational,0.04
save fb reels,880,28,Informational,0.00
search facebook without account,880,11,Informational,0.00
snap tik tok,880,39,Informational,1.08
tiktok audio,880,39,"Informational, Navigational",6.19
tiktok photo download,880,36,Informational,1.57
tiktok picture downloader,880,23,Informational,0.00
tiktok sound download,880,38,Informational,1.44
tiktok video downloader extension,880,37,Informational,0.00
tiktok video indirme,880,32,"Informational, Commercial",0.00
tiktok watermark remover free,880,21,Informational,1.44
tols,880,16,Informational,3.02
twi-videos,880,28,"Informational, Transactional",0.00
twitter photo downloader,880,22,"Informational, Commercial",0.00
twitter sss,880,40,Navigational,0.00
twitter video mp4,880,37,Informational,0.00
videy co links,880,26,Informational,0.00
x videos download for free,880,22,Informational,0.00
x. video downloader,880,33,Informational,0.23
xiaohongshu app download,880,34,Informational,0.00
xiaohongshu video downloader,880,14,"Informational, Commercial",0.00
youtube downloading mp4,880,22,Informational,3.06
youutbe to wav,880,12,Commercial,0.00
how do you save a video from facebook,880,26,Informational,0.34
mp3 juice.cc,880,50,"Informational, Commercial",0.00
vidoe to converter mod apk,880,39,Commercial,0.00
convert twitter videos to mp4,880,43,"Informational, Commercial",0.00
joice mp3,720,62,"Informational, Commercial",0.00
anon tiktok story viewer,720,22,Informational,0.00
free mp3 juice,720,39,"Informational, Commercial",4.57
three dots loader gif,720,18,Informational,0.00
2 convert2mp3,720,30,Informational,0.00
4k video downloader free download,720,40,Informational,0.81
4k video downloader not working,720,21,Informational,0.00
4k yt downloader,720,30,Commercial,1.87
ani tweet,720,34,Navigational,0.00
apk facebook downloader,720,31,Informational,0.39
capcut watermark remover,720,18,"Informational, Transactional",0.26
come scaricare video da youtube gratis senza programmi,720,29,Informational,0.00
dowload x video,720,28,Informational,0.00
download 4k video downloader free,720,40,Informational,0.43
download facebook pictures,720,33,Informational,0.00
download instagram reels without watermark,720,29,Informational,0.05
download mp3 from link,720,27,Informational,0.00
download mp4 from twitter,720,37,Informational,0.00
download reels from facebook,720,31,Informational,0.33
download tiktok photos,720,40,Informational,0.00
download tiktok sounds,720,36,"Informational, Commercial",1.72
download tiktok videos no watermark,720,40,"Informational, Transactional",1.28
download twitter video to mp4,720,26,"Informational, Commercial",0.00
download video from website chrome extension,720,36,Informational,0.00
download videos chrome extension,720,38,Informational,0.58
download youtube downloader hd,720,30,Informational,2.09
facebook doesn't load on chrome,720,25,Informational,0.00
facebook image download,720,29,Informational,0.00
facebook picture downloader,720,31,Informational,0.00
facebook reel to mp4,720,24,"Informational, Transactional",0.00
facebook reels history android,720,25,Informational,0.00
facebook story viewer anonymous,720,10,Informational,0.00
facebook video downloade,720,27,Informational,0.12
facebook video downloader chrome extension,720,33,"Informational, Transactional",0.00
fb photo download,720,33,Informational,0.00
fb reel dl,720,33,Informational,0.00
fb to mp3,720,18,Commercial,0.00
fb video downloader extension for chrome,720,33,"Informational, Commercial",0.00
fbvideodownloder,720,28,Informational,0.24
gif copy paste,720,38,Informational,0.00
gif download twitter,720,19,Informational,0.00
how can i download pictures from facebook,720,34,Informational,0.00
how do you download a gif from twitter,720,23,Informational,0.09
how to change facebook url,720,35,Informational,0.00
how to copy a gif,720,22,Informational,0.00
how to download a gif from twitter,720,26,Informational,0.07
how to download all pictures from facebook,720,32,Informational,0.00
how to download facebook live video,720,24,Informational,0.41
how to download gif from twitter,720,30,Informational,0.07
how to download tiktok video without watermark,720,36,Informational,1.38
how to download tiktok videos on pc,720,37,Informational,0.26
how to download video from a website,720,38,Informational,0.60
how to save gif from twitter,720,22,Informational,0.11
how to save photos from facebook,720,24,Informational,0.00
keevid,720,32,Commercial,1.44
kobalt tools set,720,25,"Informational, Transactional",0.31
limpar metadados,720,17,"Informational, Transactional",0.00
link mp3 downloader,720,39,"Informational, Commercial",0.00
link mp4 downloader,720,30,"Informational, Commercial",0.00
live stream downloader,720,38,Informational,0.00
meowth plush,720,26,"Informational, Transactional",0.33
mp3 download free online,720,34,Informational,0.00
mp3 juice for free,720,34,"Informational, Commercial",0.00
mp3 music downloader --,720,38,"Informational, Commercial",0.80
mp4 music download,720,15,Informational,1.42
music downloader online,720,35,Commercial,1.10
no audio on chrome browser,720,18,Informational,0.00
redditgif,720,35,"Informational, Transactional",0.00
remove watermark tiktok,720,24,"Informational, Transactional",1.50
remover metadados,720,37,Informational,0.00
scaricare video privati da facebook,720,23,Informational,0.00
short gif,720,29,Informational,0.00
snap video downloader,720,16,Informational,0.00
ss youtube video downloader reddit,720,38,"Navigational, Transactional",0.00
ssdownload youtube 1080,720,35,Commercial,0.00
sssst name,720,24,Informational,1.04
teke teke movie,720,39,Informational,0.00
teke teke story,720,24,Informational,0.00
tik tok gif,720,34,"Informational, Transactional",0.00
tiktok audios,720,33,"Informational, Transactional",2.83
tiktok bulk downloader,720,20,Informational,0.00
tiktok downloader extension,720,40,Informational,0.00
tiktok music downloader,720,36,"Informational, Commercial",1.10
tiktok private account viewer,720,24,Informational,0.00
tiktok sound,720,39,Informational,2.22
tiktokmp3,720,28,Commercial,0.00
tt to mp3,720,38,"Informational, Commercial",0.00
twitter dm downloader,720,27,Informational,0.00
twitter download mp4,720,36,Informational,0.00
twitter videos not playing,720,24,Informational,0.00
twitter/x media batch downloader,720,37,Informational,0.00
tải clip youtube,720,25,"Informational, Transactional",0.00
tải video instagram,720,35,Informational,0.00
video downloadhelper firefox,720,39,"Informational, Navigational",0.00
video firefox downloader,720,34,"Informational, Commercial",1.57
view tiktok without app,720,28,Informational,0.00
watch tiktok stories anonymously,720,21,Informational,0.00
watching gif,720,26,Informational,0.00
x downlaoder,720,33,"Informational, Transactional",0.64
x gif download,720,24,Informational,0.25
x twitter video downloader,720,18,Informational,0.00
yotube to wav,720,12,Commercial,0.00
youtube 1080 downloader,720,26,Informational,0.00
youtube mp4 hd,720,22,"Informational, Commercial",0.00
yt to mp4 downloader,720,36,Informational,0.00
mp3 juice download',720,55,"Informational, Commercial",0.00
youtbe to wav,720,16,"Informational, Commercial",0.00
video downloader iphone,720,61,Informational,2.22
gif saver twitter,590,32,Informational,0.00
facebook video to mp3,590,8,Commercial,0.00
highest quality audio format,590,28,Informational,2.47
safe fromnet,590,77,"Informational, Transactional",0.84
tiktok videos download without watermark,590,29,"Informational, Commercial",1.28
browsers reddit,590,36,Navigational,1.82
caption gifs,590,17,Informational,0.00
co wukko,590,33,Informational,0.00
cobt,590,13,Informational,3.68
convert tiktok to mp4,590,38,Informational,0.00
convert video for twitter,590,15,Informational,1.07
convertisseur video fb,590,35,"Informational, Commercial",0.00
copy and paste gifs,590,39,Informational,0.00
ddown,590,25,Informational,10.55
ddown youtube,590,16,Informational,1.54
downlaod twitter gif,590,31,Informational,0.00
downlaod x video,590,26,Informational,0.00
download as mp3,590,25,Informational,1.46
download audio using a link,590,7,Informational,0.00
download douyin video,590,19,"Informational, Commercial",0.00
download gif from url,590,33,Informational,0.00
download pics from twitter,590,32,Informational,0.00
download snap story,590,24,Informational,0.00
download tiktok profile photo,590,14,"Informational, Transactional",0.00
download twitter picture,590,30,Informational,0.00
download youtube videos that are unavailable mp3,590,27,Informational,0.00
extension video downloader professional,590,43,Informational,0.82
facebook photo download,590,33,Informational,0.00
facebook story downloader extension,590,34,"Informational, Transactional",0.00
fcdown,590,27,Navigational,1.00
fdm chrome extension,590,32,Navigational,0.00
getfbvideo.pro facebook video downloader,590,28,"Informational, Commercial",0.00
getvid video downloader,590,15,Informational,0.00
gload,590,31,Informational,0.00
how can i download a facebook video,590,32,Informational,0.37
how do i download videos from facebook,590,24,Informational,0.29
how do i find my fb url,590,22,Informational,0.00
how do you download gifs from twitter,590,25,Informational,0.07
how long can a fb reel be,590,34,Informational,0.00
how long can a twitter video be,590,9,Informational,0.00
how to download a video from twitter,590,29,Informational,0.16
how to download a video from youtube on your phone,590,21,Informational,0.00
how to download gif from tweet,590,26,Informational,0.07
how to download gifs from twitter,590,31,Informational,0.07
how to download images from facebook,590,30,Informational,0.00
how to download songs for ringtone,590,33,Informational,0.35
how to download videos from tiktok,590,50,Informational,2.94
how to find saved videos on tiktok,590,24,Informational,0.00
how to private a fb account,590,37,Informational,0.00
how to private a twitter account,590,24,Informational,0.00
how to save a gif on twitter,590,20,Informational,0.11
how to save tik tok without watermark,590,27,Informational,2.00
how to save twitter gifs,590,26,Informational,0.19
how to save videos from twitter,590,32,Informational,0.30
how to save youtube clips to camera roll,590,18,Informational,0.86
is 4k video downloader safe,590,29,Informational,0.00
juice free mp3 downloader,590,32,"Informational, Commercial",2.29
juice mp3 download free music,590,13,"Informational, Commercial",2.25
kobalt tools website,590,33,Informational,0.42
mozilla addon video downloader,590,39,"Informational, Commercial",1.47
mp3 download websites,590,34,Commercial,0.72
mp3 juice download gratis,590,27,Informational,0.00
mp3 juicer,590,61,"Informational, Commercial",2.20
mp3 juices downloader,590,22,Informational,2.05
mp3 naat video,590,23,Transactional,0.00
mps juice cc,590,39,"Informational, Commercial",0.00
online mp3 downloader,590,40,Informational,0.00
private twitter viewer,590,5,Commercial,0.00
publer download,590,40,Informational,0.00
rechazame in english,590,24,Informational,0.01
reddit to mp3,590,19,"Informational, Commercial",0.00
remove tiktok watermark online free,590,29,Informational,2.02
save link,590,37,Informational,0.00
save tik tok video,590,39,Informational,1.13
save x video,590,37,Informational,1.00
saved facebook reels,590,32,Informational,0.00
saved videos on iphone,590,28,Informational,0.00
snaotik,590,38,"Informational, Transactional",1.20
soundcloud to mp3 320,590,10,Commercial,0.00
sss movie,590,40,Informational,0.00
stiktok,590,34,Navigational,3.14
telegram video downloader extension,590,40,Informational,0.00
tik tok mp3 downloader,590,37,Informational,1.30
tik tok watermark remover,590,32,"Informational, Transactional",1.15
tiktok a mp3,590,38,Commercial,0.00
tiktok anonymously,590,20,Informational,0.00
tiktok audio to mp3,590,38,Informational,0.00
tiktok followers viewer,590,17,Informational,2.51
tiktok profile download,590,14,Informational,0.00
tiktok profile picture viewer,590,10,Informational,0.00
tiktok sans,590,24,Informational,0.00
tiktok sin marca d agua,590,37,"Informational, Commercial",0.98
tiktok viewer free,590,5,Informational,0.90
tiktok web version,590,26,Navigational,0.00
tiktok without app,590,34,"Informational, Transactional",0.00
turn gifs into videos,590,38,Informational,0.24
twister meme,590,20,Informational,0.00
twitter download image,590,22,"Informational, Commercial",0.00
twitter downloader gif,590,18,Informational,0.00
twitter video downloader free download,590,36,"Informational, Commercial",0.00
twitter video to mp3,590,8,Commercial,0.00
twitter video viewer,590,38,"Informational, Commercial",0.00
twitter videotools,590,21,Commercial,0.00
tải video trên facebook,590,25,"Informational, Commercial",0.00
url gif downloader,590,34,Informational,0.00
videi,590,27,"Informational, Transactional",0.87
video donwload,590,38,Informational,0.00
video order,590,16,"Informational, Transactional",0.33
video player online url,590,28,Commercial,2.40
where are my saved reels on facebook,590,36,Informational,0.00
x-ripper download,590,9,Commercial,0.00
youtube bitrate,590,35,Informational,0.00
youtube mp3 chrome extension,590,17,Informational,0.00
youtube mp4 downloader 4k,590,35,"Informational, Commercial",0.00
youtube private video downloader,590,29,Informational,0.00
youtube to mp4 online downloader,590,32,Informational,0.00
youtube to wa,590,12,Commercial,0.00
youtube to webm,590,5,"Informational, Transactional",0.00
youtube video download 1080,590,28,Informational,0.00
youtube video downloader extension firefox,590,40,Commercial,1.46
youtube-dl download,590,28,Informational,1.40
youtube4kdownloader,590,13,Informational,0.00
yt video to mp4,590,19,Informational,0.00
ytmp 3,590,26,Informational,1.07
download xvideos videos,590,29,Informational,0.00
mbasic fb com log in,590,28,"Navigational, Transactional",0.00
tiktok pfp download,590,7,Informational,0.00
gif address downloader,590,29,Informational,0.00
video indirici,480,65,"Informational, Transactional",0.00
free tiktok viewer,480,31,"Informational, Commercial",1.07
gifs for twitter,480,32,Informational,0.00
tải video từ facebook,480,39,Navigational,0.00
4k downloader free download,480,40,Informational,0.62
chrome gif,480,30,Informational,0.00
convert tiktok to mp3,480,31,Informational,0.67
cómo recargar en tiktok,480,31,"Navigational, Transactional",1.96
descaragr videop mp3,480,27,Informational,0.00
dl x video,480,35,"Informational, Commercial",0.00
doe messenger,480,21,"Informational, Commercial",0.00
download all photos from facebook,480,24,Informational,0.00
download any video with link,480,37,Informational,0.49
download facebook photo,480,33,Informational,0.00
download freemake video downloader,480,24,"Informational, Transactional",0.00
download gif from link,480,30,Informational,0.00
download gifs from twitter,480,28,Informational,0.00
download live youtube,480,27,Informational,0.97
download private videos,480,25,"Informational, Transactional",0.37
download reel from facebook,480,33,"Informational, Commercial",0.48
download reels facebook,480,29,"Informational, Transactional",0.00
download video form link,480,31,"Informational, Commercial",0.61
download videoclipuri mp4,480,26,"Informational, Commercial",0.00
downloading facebook pictures,480,40,Informational,0.00
drake laptop gif,480,28,Informational,0.00
face video download,480,37,Informational,0.58
facebook open in chrome,480,39,Informational,0.00
facebook reel downloaden,480,27,"Informational, Commercial",0.00
facebook reels downloaden,480,30,"Informational, Transactional",0.25
facebook reels to mp4,480,26,"Informational, Commercial",0.00
facebook reels video downloader,480,44,Informational,0.00
facebook video downloader 4k,480,37,Informational,0.00
facebook 视频 下载,480,30,"Informational, Commercial",0.00
facesave,480,20,Informational,5.06
fb chrome,480,40,Navigational,0.00
fb photo downloader,480,21,Informational,0.00
fb pic download,480,29,"Informational, Commercial",0.00
fb private video downloader,480,26,"Informational, Transactional",0.00
fb vie,480,36,Informational,0.00
fil stik,480,15,Commercial,0.49
filmymp4 com,480,10,"Informational, Commercial",1.34
fown,480,21,Informational,0.00
free tiktok view,480,5,Informational,1.29
get it gif,480,25,"Informational, Transactional",0.00
getmp3.pro,480,12,"Informational, Transactional",0.00
gif copy and paste,480,30,Informational,0.00
gif downloader extension,480,30,Informational,0.00
gifs on twitter,480,35,"Informational, Transactional",0.00
how can i download a video from twitter,480,29,Informational,0.17
how do i copy a gif,480,18,Informational,0.00
how do i download a photo from facebook,480,33,Informational,0.00
how do i save a gif,480,35,Informational,0.00
how do you save a video from twitter,480,36,Informational,0.29
how to copy and paste a gif,480,22,Informational,0.00
how to download embedded video,480,28,Informational,0.76
how to download facebook live videos,480,37,Informational,0.47
how to download fb data,480,32,Informational,0.00
how to download reels,480,24,Informational,0.90
how to download tiktok without watermark,480,38,Informational,1.53
how to download youtube videos in 1080p quality,480,23,Informational,0.00
how to save a gif iphone,480,28,Informational,0.00
how to save a video from facebook to your phone,480,38,Informational,0.37
how to save a video from twitter,480,34,Informational,0.30
how to save tiktok video without watermark,480,31,Informational,1.73
how to save video from twitter,480,29,Informational,0.29
https www facebook com share r,480,28,"Navigational, Transactional",0.00
instagram video download without watermark,480,39,Informational,0.06
kepvid,480,29,Commercial,1.13
m3p player juice,480,20,Informational,0.00
media downloader download,480,37,Informational,0.85
mp3 downloader extension,480,24,"Informational, Transactional",0.00
mp3 downloader juice,480,63,"Informational, Commercial",0.00
mp3 juce,480,24,Informational,2.65
mp3 juice downloader for free,480,40,"Informational, Commercial",2.29
mp3 juice music downloader --,480,21,Informational,0.00
mp4 juice downloader,480,39,Informational,0.00
mpe juice music,480,20,Informational,2.51
müzik çalar - mp3 indir,480,18,"Informational, Transactional",0.00
no sound on firefox browser,480,29,Informational,0.00
online tiktok viewer,480,14,Informational,0.00
profile viewer tiktok,480,27,Informational,0.00
publer downloader,480,30,"Informational, Transactional",0.00
publer instagram video download,480,36,"Informational, Transactional",0.00
publer video download,480,25,Informational,0.00
publer video downloader,480,36,"Navigational, Transactional",0.46
publer youtube video downloader,480,29,"Informational, Transactional",1.37
reddit mp4,480,28,"Informational, Commercial",0.00
reddit video downloader extension,480,38,Commercial,0.00
remove watermark from tiktok,480,37,Informational,1.28
remuxing,480,22,Informational,0.00
s ss sss ssss,480,27,"Informational, Transactional",0.00
save facebook reels,480,32,"Informational, Commercial",0.00
save gif twitter,480,34,Informational,0.00
savenet,480,22,Informational,0.00
snaptt,480,25,Navigational,12.28
snapvideo download without watermark,480,8,Informational,0.00
sskk,480,25,"Informational, Transactional",0.00
ssstil,480,23,Informational,2.67
sstick io,480,18,Informational,1.25
story saver facebook,480,39,Informational,0.00
story virwer,480,36,"Informational, Commercial",0.03
tictok sss,480,34,Navigational,1.38
tik tok converter,480,40,Informational,1.60
tik tok snap,480,30,Informational,0.00
tik tok sounds download,480,39,"Informational, Commercial",1.28
tik tok without watermark,480,31,Informational,1.10
tiktok a mp4,480,39,Informational,0.00
tiktok dp download,480,3,Informational,0.00
tiktok hd,480,23,"Informational, Transactional",0.00
tiktok image download,480,22,Informational,0.00
tiktok pic downloader,480,26,Informational,1.17
tiktok post viewer,480,27,"Informational, Commercial",0.00
tiktok profile pic downloader,480,4,Informational,0.00
tiktok sound to mp3,480,34,Commercial,0.00
tiktok story anonymous viewer,480,18,Informational,0.00
tiktok story saver,480,32,Informational,0.88
tiktok tp mp4,480,27,"Informational, Commercial",1.10
tiktok video keeper,480,23,Informational,0.00
tiktok video save,480,30,"Informational, Commercial",1.01
tiktok video without watermark,480,28,Informational,1.27
tiktok viewe,480,34,"Informational, Commercial",1.66
tiktok viewer downloader,480,13,"Informational, Commercial",0.00
tiktokder,480,24,"Informational, Commercial",0.00
tom gif,480,20,Informational,0.00
ttdl,480,19,"Informational, Commercial",2.18
tw video tool,480,39,"Informational, Commercial",0.00
twdown,480,19,Informational,0.00
twitter broadcast downloader,480,21,Informational,0.00
twitter downloader extension,480,30,"Informational, Transactional",0.00
twitter gif downloadf,480,17,Informational,0.00
twitter picture downloader,480,28,"Informational, Commercial",0.00
twitter post downloader,480,68,"Informational, Commercial",0.00
twitter to gifd,480,31,Informational,0.00
twitter video downloader extention,480,40,"Informational, Transactional",0.00
twitter video downloader reddit,480,36,"Navigational, Transactional",0.00
twitter viewer online,480,16,"Informational, Transactional",0.00
twitter-viewer,480,22,Informational,2.22
twtter to mp4,480,32,"Informational, Commercial",0.00
tải video youtube 4k,480,25,Informational,0.00
url video player online,480,33,"Informational, Commercial",0.00
video downloader x,480,37,Commercial,0.00
view tiktok anon,480,27,"Informational, Transactional",0.00
vudeo,480,27,Informational,0.42
watch repost by user tiktok anonymous,480,22,Informational,0.00
watch tiktok story,480,27,"Informational, Transactional",0.00
watch tiktok without account,480,37,"Informational, Transactional",0.00
x video downlaod,480,33,"Informational, Commercial",0.00
x video downloade,480,20,Informational,0.62
x video downloder,480,31,Informational,0.00
x video indir,480,27,Informational,0.00
x videos downlaod,480,39,Informational,0.00
xiaohongshu apk,480,32,Informational,0.60
youtube to av1,480,37,Informational,0.00
youtube to ogg converter,480,3,Informational,0.00
ytmp4 4k,480,15,Commercial,0.00
ytmp4 reddit,480,32,"Navigational, Transactional",0.00
zerolog,480,36,Informational,0.00
download image from twitter,480,17,"Informational, Commercial",0.00
how to save facebook video,480,31,Informational,0.34
m basicfacebook com login,480,31,"Navigational, Transactional",0.00
movie downloader app download,480,37,Informational,0.63
telegram video downloader online,480,38,Informational,0.00
tikio,480,17,Informational,1.14
tokviewer,480,38,Navigational,0.00
download twitter media,480,64,"Informational, Transactional",0.00
juice mp3 downloader,480,38,"Informational, Commercial",0.00
download pic twitter,390,35,"Informational, Commercial",0.00
vkvideo downloader,390,24,"Informational, Transactional",0.00
how to download private facebook videos,390,24,Informational,0.54
mp3 juoce,390,76,"Informational, Commercial",2.20
save gifs from twitter,390,37,Informational,0.00
android gif,390,40,Informational,0.33
anymous story viewer,390,31,Informational,0.00
anyvideo download,390,38,"Informational, Transactional",0.51
audiolink,390,18,Informational,2.94
audiotrack,390,22,Informational,3.72
best chrome video downloader extension,390,39,Commercial,1.08
best quality audio format,390,21,Commercial,0.64
best video downloader extension for chrome,390,40,"Informational, Commercial",0.78
bug grabber,390,23,"Informational, Transactional",0.32
can you download videos from facebook,390,26,Informational,0.38
can you watch tiktok without an account,390,37,Informational,0.00
caption downloader tik tok,390,11,"Informational, Commercial",0.00
chrome browser facebook,390,29,Navigational,0.00
convert audible to mp3,390,39,"Informational, Transactional",1.02
convertidor mp4 tiktok,390,30,"Informational, Commercial",0.00
convertidor tiktok,390,20,Informational,0.00
copy gif,390,40,Informational,0.00
deleted youtube video downloader,390,9,Informational,0.00
descargr mo3,390,15,"Informational, Commercial",0.00
download all tiktok videos,390,27,Informational,1.41
download facebook photos in bulk free,390,24,Informational,0.00
download facebook reel video,390,29,Informational,0.36
download facebook reels video,390,30,"Informational, Commercial",0.36
download facebook video extension,390,28,"Informational, Transactional",0.00
download fb private video,390,36,Informational,0.75
download live youtube video,390,19,Informational,1.40
download musik mp4,390,18,Informational,1.22
download tik tok audio,390,38,Informational,1.29
download tiktok photo,390,33,"Informational, Commercial",0.00
download tiktok profile pic,390,6,"Informational, Transactional",0.00
download tiwtter video,390,30,Informational,0.00
download video by url from any site,390,36,Informational,0.55
download video titkok,390,40,"Informational, Commercial",0.00
download youtube video mp4 online,390,28,Informational,0.00
downloader for twitter,390,36,Informational,0.57
dowon,390,33,Commercial,0.00
embed a tweet,390,20,Informational,3.86
facebook download reels,390,23,Informational,0.00
facebook net,390,37,"Informational, Navigational",0.00
facebook photos downloader,390,33,Informational,0.00
facebook pic download,390,37,Informational,0.00
facebook pictures to download,390,37,Informational,0.00
facebook reels video download,390,19,Informational,0.00
facebook vid download,390,30,Informational,0.46
facebook video download 4k,390,30,Informational,0.00
facebook video download extension,390,35,Informational,0.00
facebook vs facebook lite,390,37,Informational,0.00
fb not loading,390,38,"Informational, Transactional",0.00
fb pic downloader,390,16,Informational,0.00
fb stories viewer,390,18,Informational,0.00
fdown private,390,33,Informational,0.00
fdownloader net,390,27,Navigational,0.00
free mp3 juices free download,390,38,"Informational, Commercial",2.29
gif er,390,19,Informational,0.00
gif link downloader,390,34,"Informational, Commercial",0.00
gif on iphone text,390,38,Informational,0.00
gif watching,390,22,"Informational, Navigational",0.00
happy new year 2025 video free download,390,19,"Informational, Transactional",0.00
hdr shortcut,390,30,Informational,0.00
how can you download a facebook video,390,30,Informational,0.29
how can you save a video from facebook,390,33,Informational,0.34
how do i get my facebook url,390,28,Informational,0.00
how do you copy a gif,390,33,Informational,0.00
how do you save videos on facebook to your phone,390,40,Informational,0.43
how to change facebook url page,390,35,Informational,0.00
how to change fb url,390,30,Informational,0.00
how to copy video from facebook,390,38,Informational,0.40
how to download a facebook photo,390,36,Informational,0.00
how to download a facebook reel,390,39,Informational,0.37
how to download a video in a website,390,35,Informational,0.70
how to download all facebook pictures,390,26,Informational,0.00
how to download clip from facebook,390,24,Informational,0.29
how to download reels from facebook,390,26,Informational,0.44
how to download tiktok sounds,390,23,Informational,2.66
how to download videos frm facebook,390,26,Informational,0.36
how to download your facebook photos,390,20,Informational,0.00
how to private fb account,390,30,Informational,0.00
how to save a tiktok to camera roll,390,30,Informational,3.54
how to save a tiktok without the watermark,390,26,Informational,1.81
how to save a youtube video to your camera roll,390,18,Informational,0.86
how to save gif,390,40,Informational,0.00
how to save gifs iphone,390,37,Informational,0.00
how to save videos off twitter,390,28,Informational,0.30
how to save videos twitter,390,36,Informational,0.29
how to save youtube videos to your camera roll,390,8,Informational,0.86
https www facebook com profile php id,390,27,"Navigational, Transactional",0.00
instagram video downloader shortcut,390,24,Informational,0.22
ioen,390,40,Navigational,0.48
iphone download twitter video,390,31,Informational,0.00
ketchup gif,390,31,Informational,0.00
kobalt website,390,21,"Informational, Commercial",0.36
kolbolt,390,40,"Informational, Commercial",0.39
m3p juice music,390,26,Informational,0.00
mass tiktok video downloader,390,22,Informational,0.00
media downloader extension,390,40,Informational,0.00
mp3 downalaod,390,39,Informational,0.00
mp3 download iphone,390,38,Informational,0.69
mp3 downloader apk,390,33,Informational,0.44
mp3 gif,390,28,Informational,0.23
mp3 juice free downloads music,390,40,"Informational, Commercial",2.29
mp3 juice free music download,390,29,"Informational, Commercial",1.07
mp3 juices downloads,390,39,"Informational, Commercial",0.00
mp3 juices free download,390,24,Informational,2.39
mp3 juices.to,390,34,Informational,0.00
mp3 jyice,390,21,"Informational, Commercial",2.20
mp3downloader,390,36,"Informational, Commercial",1.24
mp4 downloader twitter,390,37,Informational,0.00
mp4 link download,390,31,Informational,0.00
mp4 on facebook,390,27,Informational,0.00
mp4 to h264,390,24,Informational,0.60
multiple twitter video downloader,390,31,"Informational, Commercial",0.00
music and video downloader,390,35,"Informational, Transactional",0.80
music juice mp3,390,38,"Informational, Commercial",2.37
musicpleer,390,26,Informational,0.00
pinterest video indir,390,15,"Informational, Transactional",0.06
reddit gifs download,390,25,Informational,0.00
reddit mp3 player,390,29,"Navigational, Transactional",0.00
reels audio downloader,390,34,Informational,0.00
sass browser apk mod,390,15,Informational,0.00
save twitter gifs,390,34,Informational,0.00
saved gif,390,26,Informational,0.00
scaricare video da youtube online,390,16,Informational,0.00
short shorts gif,390,25,Navigational,0.00
snap watermark,390,30,Informational,0.00
snapchat camera for chrome extension,390,34,"Informational, Transactional",6.11
snapik,390,24,"Informational, Transactional",0.94
snip keyboard shortcut,390,37,Informational,0.00
sss twitter download,390,40,Informational,0.00
story viewer tiktok,390,25,Informational,0.00
sttt,390,30,Navigational,0.00
t w i n g,390,24,Informational,0.00
ticktick download,390,37,"Informational, Transactional",5.16
tiktok can t save without watermark,390,30,Informational,0.00
tiktok converter mp4,390,28,Commercial,1.07
tiktok dp downloader,390,11,Informational,0.00
tiktok pic download,390,27,Informational,1.17
tiktok player,390,35,Informational,0.00
tiktok profile viewer anonymous,390,20,"Informational, Transactional",0.00
tiktok profile viewer online,390,13,"Informational, Commercial",0.00
tiktok rip,390,34,"Informational, Commercial",0.00
tiktok slide download,390,20,Informational,1.04
tiktok video converter,390,30,Informational,2.18
tiktok video indirmek,390,34,"Informational, Commercial",0.00
tiktok videoları indirmek,390,35,"Informational, Transactional",0.00
tiktok viewer online free,390,6,"Informational, Commercial",0.00
tiktok viewer profile,390,26,"Informational, Commercial",0.00
tiktok viewer story,390,31,"Informational, Commercial",0.00
tiktoktok,390,33,Navigational,3.14
tixtox,390,24,Informational,0.34
tlk io,390,28,Navigational,0.00
tooly,390,34,Informational,0.00
ttok,390,23,Informational,6.85
tvc video downloader,390,38,"Informational, Commercial",0.00
twi-dl,390,9,Informational,0.00
twit to mp4,390,36,"Informational, Transactional",0.00
twitter audio downloader,390,10,"Informational, Commercial",0.00
twitter image download,390,29,Informational,0.00
videos on twitter,390,31,Informational,0.00
watch tiktoks without app,390,30,"Informational, Transactional",0.00
what is remux,390,7,Informational,0.00
where to see my save on facebook,390,35,"Informational, Transactional",0.00
xvideo dl,390,26,Informational,0.00
xvideodown,390,15,Commercial,0.00
youtube mp3 downloader chrome extension,390,25,"Informational, Transactional",0.00
youtube to downloader mp4,390,28,"Informational, Commercial",2.58
youtube to mp3 telegram bot,390,20,Informational,0.00
youtube to mp4 download online,390,25,Informational,0.00
youtube to wav convert,390,19,"Informational, Commercial",1.74
youtube to wav',390,19,Commercial,0.00
yt a wav,390,9,Informational,0.00
yt to .wav,390,12,Commercial,0.00
gif twitter download,390,15,Informational,0.00
how to save videos from facebook to your phone,390,27,Informational,0.37
download facebook reeels,390,70,Informational,0.00
mp3 juices cc,320,48,"Informational, Commercial",0.00
can i download a video from facebook,320,21,Informational,0.44
x dowloader,320,42,"Informational, Commercial",0.49
4k video downloader reddit,320,31,Navigational,0.00
anon tik tok,320,31,"Informational, Transactional",0.00
anonymous fb story viewer,320,3,"Informational, Transactional",0.00
anonymous tik tok viewer,320,35,"Informational, Commercial",0.00
any video download site,320,40,Informational,0.55
app to download facebook videos,320,33,Informational,0.49
are kobalt tools any good,320,21,Informational,0.13
audible audio extractor,320,31,Commercial,0.00
audio download extension,320,37,Informational,0.00
bot grabber,320,25,Informational,1.98
clipconverter cc,320,23,Informational,1.10
cobait,320,34,Navigational,0.24
convert url to mp3,320,35,Informational,0.97
dailymotion download mp4,320,22,Informational,0.00
descrgar mp3,320,35,"Informational, Commercial",0.00
does tiktok tell you who downloaded your video,320,21,Informational,0.00
dowload facebook reel,320,24,Informational,0.00
down lagu mp3,320,39,"Informational, Commercial",0.00
download a facebook live video,320,23,Informational,0.21
download an embedded video,320,27,Informational,0.77
download audio from tiktok,320,36,Informational,1.70
download facebook image,320,34,"Informational, Transactional",0.00
download facebook private videos,320,40,Informational,0.38
download facebook reels videos,320,32,"Informational, Commercial",0.36
download fb live video,320,54,Informational,1.19
download fb reels video,320,24,Informational,0.36
download gif from reddit,320,28,"Navigational, Transactional",0.00
download gif url,320,18,Informational,0.00
download image from facebook,320,33,Informational,0.00
download music mp3 juice free,320,26,Informational,1.96
download photo from facebook,320,32,Informational,0.00
download reels from fb,320,25,"Informational, Commercial",0.48
download song from link,320,50,"Informational, Commercial",0.00
download song link,320,31,Informational,0.00
download ticktick,320,40,"Informational, Transactional",4.14
download tiktok audios,320,34,Informational,1.74
download tiktok profile,320,20,Informational,0.00
download tiktok slideshow,320,15,Informational,0.00
download twitter audio,320,24,Informational,0.00
download twitter mp3,320,13,Informational,0.00
download twitter videos app,320,40,Informational,0.18
download vido,320,36,"Informational, Commercial",1.45
download x gif,320,28,Informational,0.49
download x vide,320,28,"Informational, Commercial",0.00
download youtube live video,320,23,Informational,2.41
downloading facebook videos,320,40,Informational,0.80
downloadr,320,39,Informational,0.00
drake gifs,320,31,Informational,0.00
drake laptop meme,320,28,Informational,0.00
facebook ad downloader,320,34,"Informational, Transactional",9.61
facebook chrome browser,320,31,Navigational,0.00
facebook reel downlaoder,320,28,Informational,0.00
facebook story saver,320,26,Informational,0.00
facebook video downloader extension,320,28,Informational,0.00
facebook video downloader private,320,38,Informational,0.00
facebook video mp3,320,31,"Informational, Commercial",0.00
fb image download,320,18,Informational,0.00
fb stories download,320,32,"Informational, Transactional",0.00
fb video to mp3,320,19,"Informational, Commercial",0.00
fbfb,320,24,Commercial,0.00
fdown net download,320,32,Navigational,0.00
feibu,320,31,Informational,0.76
fickbook,320,33,"Informational, Commercial",0.00
flip it like a flipagram,320,33,"Informational, Transactional",0.00
flipagram app,320,33,Informational,1.20
gif for chrome,320,33,"Informational, Transactional",0.00
gif to url,320,24,"Informational, Commercial",0.00
h264 vs av1,320,18,Commercial,0.00
h265 converter,320,18,Informational,0.68
how can i copy video from facebook,320,30,Informational,0.45
how can i download videos from facebook,320,40,Informational,0.40
how do i download facebook live videos,320,39,Informational,0.41
how do i find my saved reels on facebook,320,29,Informational,0.00
how do you save facebook videos,320,26,Informational,0.32
how long can a fb video be,320,25,Informational,0.00
how long can a video be on fb,320,30,Informational,0.00
how to delete tik tok video,320,27,Informational,0.01
how to dl gif from twitter,320,25,Informational,0.09
how to download a video of a website,320,26,Informational,0.60
how to download a x video,320,6,Informational,0.00
how to download facebook reel,320,28,Informational,0.26
how to download facebook story,320,34,Informational,0.33
how to download fb reels,320,26,Informational,0.39
how to download reel,320,27,Informational,0.90
how to download tiktok draft,320,30,Informational,2.48
how to download twitter gifs,320,25,Informational,0.00
how to download video on facebook,320,21,Informational,0.40
how to download videos on facebook,320,21,Informational,0.40
how to find my videos on facebook,320,30,Informational,0.00
how to private fb page,320,36,Informational,0.00
how to save a facebook video to your phone,320,31,Informational,0.37
how to save a twitter gif,320,26,Informational,0.11
how to save a video on twitter,320,27,Informational,0.30
how to save gifs to iphone,320,34,Informational,0.00
how to save tiktok videos without watermark,320,22,Informational,3.14
how to save video from tiktok to gallery,320,26,Informational,2.89
how to save video on tiktok,320,36,Informational,2.81
how to save videos on twitter,320,33,Informational,0.29
how to see saved reels on facebook,320,27,Informational,0.00
how to share a video on facebook,320,23,Informational,0.00
how to view tiktok without app,320,29,Informational,0.00
how to watch tiktok without an account,320,31,Informational,0.00
image saver extension,320,37,"Informational, Transactional",0.00
iphone text gif,320,39,Informational,0.26
juice mp4,320,7,"Informational, Commercial",0.00
keepvud,320,30,Informational,0.98
kipvid,320,27,"Informational, Transactional",1.13
link to audio,320,29,"Informational, Commercial",0.00
m basic facebook,320,35,"Informational, Navigational",0.00
mp3 downloader online,320,35,"Informational, Commercial",0.00
mp3 juice converter,320,28,"Informational, Commercial",0.00
mp3 link download,320,39,Informational,0.00
mp3 tiktok download,320,31,Informational,0.00
mp32,320,19,Informational,0.00
mp33,320,28,Commercial,0.00
mp4 download twitter,320,39,"Informational, Commercial",0.00
mp4 downloader free download,320,33,"Informational, Commercial",1.47
mp4 video to download,320,43,"Informational, Commercial",0.59
mpc3,320,12,Informational,0.69
music juice mp3 juice,320,25,"Informational, Commercial",2.51
online mp3 download free,320,67,"Informational, Commercial",0.00
online video downloader reddit,320,37,Navigational,0.00
private tiktok account viewer,320,15,Informational,0.00
recharger tiktok,320,40,Navigational,7.18
red ketchup twitter,320,33,Informational,0.00
redditgifs,320,28,Navigational,0.00
reel downloader facebook,320,32,Informational,0.00
remove reels from facebook,320,24,Informational,0.00
remove tiktok watermark from saved video,320,37,Informational,0.96
remuxes,320,8,Informational,0.00
save facebook vidoe,320,27,"Informational, Transactional",0.32
save fb reel,320,28,Informational,0.00
save from net tiktok,320,25,Informational,0.76
save reddit gif,320,22,Informational,0.00
save videos facebook,320,29,Informational,0.32
savelink,320,18,Navigational,0.00
saving gif,320,35,Informational,0.00
scs extractor,320,23,"Informational, Transactional",0.00
short gifs,320,28,Informational,0.00
shorts to mp3,320,17,"Informational, Commercial",0.00
snap save video,320,36,Navigational,0.00
snapchat video downloader without watermark,320,6,"Informational, Transactional",0.00
soundcloud to mpe,320,16,Commercial,0.00
ss download youtube video,320,24,"Informational, Transactional",0.00
sss video downloader,320,30,Informational,0.00
ssvideo,320,23,"Informational, Commercial",0.00
stick io,320,23,Informational,0.00
telecharger video sur facebook,320,12,Informational,0.00
telechat,320,29,Informational,1.61
tik tok anonymous,320,19,Informational,0.00
tik tok hd,320,37,Informational,0.00
tik tok profile viewer online,320,12,"Informational, Commercial",0.00
tiktok chrome extension,320,29,"Informational, Transactional",22.38
tiktok copied link,320,22,Informational,0.00
tiktok downloader chrome extension,320,32,Informational,0.00
tiktok pfp viewer,320,10,Informational,0.00
tiktok slideshow pictures,320,27,"Informational, Transactional",0.00
tiktok to wav,320,21,"Informational, Commercial",0.00
tiktok vedio downloader,320,39,"Informational, Commercial",1.17
tiktok viewer anonymously,320,14,"Informational, Commercial",0.00
tiktok watermark remover app,320,34,Informational,1.63
tiktoker viewer,320,34,"Informational, Commercial",1.66
tiktokgram,320,24,Informational,0.00
tt story viewer,320,31,Informational,0.00
twi dl net,320,10,"Informational, Commercial",0.00
twitter dm video downloader,320,25,Informational,0.00
twitter download photo,320,35,"Informational, Commercial",0.00
twitter downloader media,320,47,"Informational, Commercial",0.00
twitter gif converter,320,20,Informational,0.00
twitter gif downlaoder,320,24,Informational,0.00
twitter gif save,320,29,Informational,0.00
twitter link to gif,320,25,Informational,0.00
twitter live downloader,320,38,Informational,0.00
twitter tool search,320,29,Informational,0.00
twitter video alıntılama,320,16,"Informational, Transactional",0.00
twitter video download extension,320,40,"Informational, Transactional",0.00
twitter video download reddit,320,36,Informational,0.00
twtter to mp3,320,21,"Informational, Commercial",0.00
unwatermarked,320,26,Navigational,0.75
video downloader 4k,320,29,Commercial,1.55
video downloader for firefox,320,34,Commercial,1.57
video downloader for x,320,20,Commercial,0.00
video downloadhelper mozilla,320,40,Navigational,1.57
video downloadhelper premium,320,33,Informational,0.00
video logo remove,320,28,"Informational, Commercial",0.59
videos twitter,320,33,"Informational, Transactional",0.00
view private tweets,320,22,Informational,0.00
view tiktok profile,320,32,Informational,0.00
view tiktok profile anonymously,320,22,"Informational, Transactional",0.00
view tiktok stories anonymously,320,11,Informational,0.00
view tiktok without account,320,27,"Informational, Transactional",0.00
vkvideo download,320,26,"Informational, Transactional",0.00
watermark tiktok,320,25,Informational,1.06
what is remuxing,320,13,Informational,0.00
who owns kobalt,320,22,Informational,0.00
x com video download,320,29,Informational,0.00
x saver,320,18,Informational,0.00
x vid dl,320,28,"Informational, Commercial",0.00
x vid3o,320,26,Informational,0.00
x video downlaoder,320,30,Informational,0.79
x video downloaded,320,31,"Informational, Commercial",0.00
x video ripper,320,34,"Informational, Commercial",0.00
xvideo 下載,320,7,Informational,0.00
yoube to wav,320,11,Commercial,0.00
youtube converter mp4 1080p,320,22,Informational,0.00
youtube dl url,320,38,"Informational, Transactional",0.00
youtube mp3 download extension chrome,320,28,Commercial,0.00
youtube shorts thumbnail downloader,320,40,Informational,0.00
youtube to wab,320,11,Commercial,0.00
youtube video downloader chrome extension 2025,320,21,"Informational, Transactional",0.00
youtube video downloader chrome extension reddit,320,33,Navigational,0.00
youtube video downloader high quality,320,25,Commercial,2.28
youtube videos download mp4,320,23,"Informational, Transactional",2.45
ytmp4 1080p,320,14,Informational,0.00
yts alternative,320,22,Informational,0.00
douyin apk download,320,43,Informational,0.10
facebook video downloader apk,320,37,"Informational, Commercial",0.41
fbdwon,320,33,Navigational,3.49
how to save animated gif from twitter,320,24,Informational,0.22
tts tiki bar,260,25,Navigational,2.19
fbsaver,260,22,Informational,0.00
hologram filmpje,260,34,"Informational, Navigational",0.53
how to copy the video from facebook,260,33,Informational,0.45
tts tiki,260,20,"Informational, Navigational",0.00
youtube shorts indir,260,7,"Informational, Commercial",0.00
1080p youtube downloader reddit free,260,37,Informational,0.00
4k video downloader for android,260,32,"Informational, Transactional",0.23
aaver,260,23,Informational,0.05
anonymous tik tok,260,25,Informational,0.00
apk status saver,260,39,Informational,0.00
audio downloader chrome extension,260,36,"Informational, Transactional",0.00
av1 vs h 264,260,15,Commercial,0.00
best free mp4 downloader,260,30,Commercial,0.00
bulk instagram downloader,260,39,"Informational, Transactional",0.00
calbot,260,14,"Informational, Transactional",0.00
can you download videos from twitter,260,31,Informational,0.10
cara menyimpan tiktok,260,31,"Informational, Transactional",0.00
clipconverter.,260,23,Informational,0.00
colbalt audio,260,19,"Informational, Commercial",0.00
dailymotion video indir,260,21,Informational,0.00
descagar mp3,260,20,Informational,0.00
descagar video twittter,260,23,"Informational, Commercial",0.00
dl fb story,260,35,"Informational, Commercial",0.00
donwload twitter video dms,260,19,Informational,0.00
download a facebook video to iphone,260,25,Informational,0.00
download a video from facebook to iphone,260,27,Informational,0.55
download all facebook reels from a profile,260,40,Informational,0.00
download audio with link,260,20,Informational,0.00
download face book reels,260,19,"Informational, Transactional",0.00
download facebook images,260,37,Informational,0.00
download facebook pic,260,33,Informational,0.00
download facebook video in iphone,260,34,Informational,0.00
download facebook video iphone,260,44,Informational,0.00
download photo twitter,260,14,"Informational, Commercial",0.00
download reel audio,260,23,"Informational, Transactional",0.00
download reels without watermark,260,23,Informational,0.55
download sound tiktok,260,35,Informational,0.00
download tik tok profile pic,260,13,Informational,0.00
download tiktok with watermark,260,23,"Informational, Commercial",1.32
download twitter gif for pinterest,260,20,Informational,0.00
download twitter photo,260,37,"Informational, Commercial",0.00
download twitter photo high quality,260,7,"Informational, Transactional",0.00
download twitter pictures,260,15,"Informational, Commercial",0.00
download twitter post,260,32,Informational,0.00
download twt gif,260,28,Informational,0.00
download vid from link,260,39,Informational,0.61
download video from facebook iphone,260,30,Informational,0.55
download video from twitter iphone,260,39,Informational,0.00
download videos url,260,37,Commercial,0.00
dwonload twitter video,260,48,Informational,0.00
embed twitter feed,260,31,Informational,2.53
f down,260,27,Navigational,0.00
fab fa-facebook-f,260,18,Informational,0.00
facebook audio downloader,260,14,Informational,0.00
facebook chrome video downloader,260,24,Informational,0.12
facebook download reel,260,27,"Informational, Transactional",0.00
facebook lite vs facebook,260,30,Informational,0.00
facebook mp3,260,17,Informational,0.00
facebook on chrome not loading,260,24,Informational,0.00
facebook reel downloaded,260,27,Informational,0.00
facebook tp mp3,260,12,"Informational, Commercial",0.00
facebook where are my saved videos,260,30,Informational,0.00
fb private reels download,260,27,Informational,0.00
fb profile download,260,18,Informational,0.00
fb profile downloader,260,14,Informational,0.00
fb reals download,260,28,"Informational, Transactional",0.00
fb shortcut,260,31,Informational,0.00
fb stories downloader,260,51,"Informational, Commercial",0.00
fdown-net,260,30,Navigational,1.99
file downloader online url,260,19,"Informational, Commercial",1.21
flipagram logo,260,12,Informational,0.00
free mp3 juice download,260,35,Informational,2.39
free mp3 juice music downloader,260,36,"Informational, Commercial",1.07
free music mp3 juice,260,35,"Informational, Commercial",0.00
getvid,260,35,Informational,0.00
gifs for iphone,260,36,Informational,0.40
google mp3 song download,260,40,Informational,0.61
grabber meme,260,25,Informational,0.00
grabber video,260,21,"Informational, Commercial",0.73
h.264 vs av1,260,23,Commercial,0.00
how can i copy a video from facebook,260,31,Informational,0.40
how can i download a live video from facebook,260,34,Informational,0.66
how can i download all my pictures from facebook,260,38,Informational,0.00
how do i copy a video from facebook,260,35,Informational,0.45
how do i download a gif from twitter,260,22,Informational,0.07
how do i save a live video from facebook,260,32,Informational,0.20
how do i save gifs from twitter,260,22,Informational,0.19
how do you copy a video from facebook,260,29,Informational,0.40
how do you copy facebook videos,260,39,Informational,0.40
how do you copy videos from facebook,260,35,Informational,0.40
how do you download from facebook,260,23,Informational,0.48
how do you download gifs on iphone,260,33,Informational,0.60
how do you find your videos on facebook,260,35,Informational,0.00
how do you save a facebook live video,260,27,Informational,0.65
how do you save a gif from twitter,260,35,Informational,0.19
how do you see your videos on facebook,260,35,Informational,0.00
how to clear reels history on facebook,260,23,Informational,0.00
how to copy paste a gif,260,24,Informational,0.00
how to download a fb video,260,33,Informational,0.36
how to download a song for a ringtone,260,26,Informational,0.34
how to download a twitter gif,260,22,Informational,0.07
how to download a video from x,260,25,Informational,0.67
how to download a video off a website,260,25,Informational,0.66
how to download a video on youtube,260,27,Informational,1.04
how to download all photos from fb,260,31,Informational,0.00
how to download all the photos from facebook,260,24,Informational,0.00
how to download audio from tiktok,260,32,Informational,1.08
how to download data from facebook,260,35,Informational,0.00
how to download facebook videos that are private,260,25,Informational,0.44
how to download facebook videos using chrome extension,260,23,Informational,0.00
how to download fb video,260,36,Informational,0.14
how to download video from facebook to phone,260,28,Informational,0.33
how to download videos off websites,260,23,Informational,0.60
how to download videos twitter,260,33,Informational,0.17
how to download x twitter videos,260,22,Informational,0.00
how to load in 4k twitter,260,30,Informational,0.00
how to make a fb video,260,40,Informational,0.98
how to post gifs on tiktok,260,21,Informational,0.00
how to put my fb on private,260,39,Informational,0.00
how to save a gif to iphone,260,35,Informational,0.00
how to save audio from a video,260,30,Informational,1.03
how to save gifs on twitter,260,19,Informational,0.19
how to save instagram videos to camera roll,260,39,Informational,0.99
how to save video from facebook live,260,36,Informational,0.20
how to save videos on facebook,260,25,Informational,0.32
how to see reels history on facebook,260,26,Informational,0.00
how to send gif whatsapp iphone,260,38,Informational,0.00
how to view saved reels on facebook,260,29,Informational,0.00
ig reel thumbnail download,260,29,Informational,0.00
imput meaning,260,31,Informational,0.00
iphone download facebook video,260,37,Informational,0.55
iphone facebook download video,260,33,Informational,0.55
iphone facebook video download,260,28,Informational,0.55
is boosty safe,260,23,"Informational, Commercial",0.00
issk,260,24,Informational,0.00
juice mp3 player,260,29,"Informational, Commercial",0.00
keep twitter video,260,21,Commercial,0.00
tiktok bulk downloader extension,210,23,Informational,0.00
download fb video on chrome,210,36,Informational,0.00
fb loading,210,51,Informational,0.00
drake gif computer,170,24,Informational,0.00
tiktok video downloader chrome extension,140,27,"Informational, Commercial",0.00
how do i find my facebook videos,140,26,Informational,0.00
how can i find my videos on facebook,140,31,Informational,0.00
how to view your videos on facebook,140,35,Informational,0.00
