Pillar,Cluster,Pillar Page,#,Article Title,Primary KW,Volume,KD,Status,Search Intent
PILLAR 1: Anonymous Viewing & Social Media Privacy,Cluster 1A: TikTok Story Viewing,"""How to View Social Media Anonymously: Complete Privacy Guide""",1,✅ Anonymous TikTok Story Viewer Guide,tiktok story viewer,"46,000",0,EXISTING,"Informational,Branded,Non-local"
PILLAR 1: Anonymous Viewing & Social Media Privacy,Cluster 1A: TikTok Story Viewing,"""How to View Social Media Anonymously: Complete Privacy Guide""",2,🆕 ⭐ TikTok Anonymous Story Viewer: View Without Being Seen,tiktok anonymous story viewer,"2,100",1,NEW,"Informational,Branded,Non-local"
PILLAR 1: Anonymous Viewing & Social Media Privacy,Cluster 1A: TikTok Story Viewing,"""How to View Social Media Anonymously: Complete Privacy Guide""",3,🆕 How to View TikTok Stories Anonymously,view tiktok story anonymously,"2,000",—,NEW,"Informational,Branded,Non-local"
PILLAR 1: Anonymous Viewing & Social Media Privacy,Cluster 1A: TikTok Story Viewing,"""How to View Social Media Anonymously: Complete Privacy Guide""",4,🆕 Best Free TikTok Viewer Tools,tiktok viewer free,350,18,NEW,"Informational,Branded,Non-local"
PILLAR 1: Anonymous Viewing & Social Media Privacy,Cluster 1B: TikTok Access Without App/Account,"""How to View Social Media Anonymously: Complete Privacy Guide""",5,🆕 ⭐ TikTok Unblocked: How to Access TikTok Anywhere,tiktok unblocked,"24,000",0,NEW,"Informational,Branded,Non-local"
PILLAR 1: Anonymous Viewing & Social Media Privacy,Cluster 1B: TikTok Access Without App/Account,"""How to View Social Media Anonymously: Complete Privacy Guide""",6,✅ How to Watch TikTok Without the App,watch tiktok without app,350,—,EXISTING,"Informational,Branded,Non-local"
PILLAR 1: Anonymous Viewing & Social Media Privacy,Cluster 1B: TikTok Access Without App/Account,"""How to View Social Media Anonymously: Complete Privacy Guide""",7,✅ TikTok Banned? How to Access & Download,tiktok banned how to access,—,—,EXISTING,Intent Not Found
PILLAR 1: Anonymous Viewing & Social Media Privacy,Cluster 1B: TikTok Access Without App/Account,"""How to View Social Media Anonymously: Complete Privacy Guide""",8,🆕 TikTok Browser: Watch TikTok on Desktop,tiktok browser,"1,600",16,NEW,"Informational,Branded,Non-local"
PILLAR 1: Anonymous Viewing & Social Media Privacy,Cluster 1B: TikTok Access Without App/Account,"""How to View Social Media Anonymously: Complete Privacy Guide""",9,🆕 How to Use TikTok Without an Account,view tiktok without account,350,1,NEW,"Informational,Non-branded,Non-local"
PILLAR 1: Anonymous Viewing & Social Media Privacy,Cluster 1C: TikTok Private Profile Viewing,"""How to View Social Media Anonymously: Complete Privacy Guide""",10,🆕 Private TikTok Viewer: Can You View Private Accounts?,private tiktok viewer,600,11,NEW,"Informational,Branded,Non-local"
PILLAR 1: Anonymous Viewing & Social Media Privacy,Cluster 1D: Instagram Anonymous Viewing,"""How to View Social Media Anonymously: Complete Privacy Guide""",11,🆕 ⭐ How to View Instagram Without an Account,instagram without account,"3,600",0,NEW,"Informational,Branded,Non-local"
PILLAR 1: Anonymous Viewing & Social Media Privacy,Cluster 1D: Instagram Anonymous Viewing,"""How to View Social Media Anonymously: Complete Privacy Guide""",12,🆕 Instagram Tagged Photos Viewer: How to See Tagged Posts,instagram tagged photos viewer,900,14,NEW,"Informational,Branded,Non-local"
PILLAR 1: Anonymous Viewing & Social Media Privacy,Cluster 1D: Instagram Anonymous Viewing,"""How to View Social Media Anonymously: Complete Privacy Guide""",13,🆕 ⭐ Instagram Screenshot Notifications: What You Need to Know,can people see if i screenshot their instagram story,"1,000",0,NEW,"Informational,Branded,Non-local"
PILLAR 1: Anonymous Viewing & Social Media Privacy,Cluster 1D: Instagram Anonymous Viewing,"""How to View Social Media Anonymously: Complete Privacy Guide""",14,🆕 Private Instagram Account Viewer: Do They Work?,instagram private account viewer app,300,10,NEW,"Informational,Non-branded,Non-local"
PILLAR 1: Anonymous Viewing & Social Media Privacy,Cluster 1D: Instagram Anonymous Viewing,"""How to View Social Media Anonymously: Complete Privacy Guide""",15,🆕 Pixwox Instagram Viewer: Is It Safe?,pixwox instagram,400,1,NEW,"Informational,Branded,Non-local"
PILLAR 1: Anonymous Viewing & Social Media Privacy,Cluster 1E: YouTube Deleted & Hidden Videos,"""How to View Social Media Anonymously: Complete Privacy Guide""",16,🆕 ⭐ How to Find & Watch Deleted YouTube Videos,deleted youtube videos finder,700,0,NEW,"Informational,Non-branded,Non-local"
PILLAR 1: Anonymous Viewing & Social Media Privacy,Cluster 1E: YouTube Deleted & Hidden Videos,"""How to View Social Media Anonymously: Complete Privacy Guide""",17,🆕 How to Watch Hidden Videos on YouTube,hidden videos on youtube,150,0,NEW,"Informational,Non-branded,Non-local"
PILLAR 1: Anonymous Viewing & Social Media Privacy,Cluster 1F: Facebook Anonymous Viewing,"""How to View Social Media Anonymously: Complete Privacy Guide""",18,🆕 How to View Facebook Profiles Anonymously,facebook profile viewer anonymous,400,13,NEW,"Informational,Branded,Non-local"
PILLAR 1: Anonymous Viewing & Social Media Privacy,Cluster 1G: Wayback Machine for Social Media,"""How to View Social Media Anonymously: Complete Privacy Guide""",19,🆕 ⭐ How to Use the Wayback Machine for Instagram & YouTube,wayback machine instagram,"1,400",0,NEW,"Informational,Branded,Non-local"
PILLAR 2: Audio & Media Format Conversion,Cluster 2A: YouTube to WAV (Pillar targets this directly),"""The Ultimate Guide to Converting YouTube & Social Media Audio""",20,🆕 ⭐ **PILLAR** YouTube to WAV: Best Free Converters,youtube to wav,"55,000",1,NEW,"Informational,Branded,Non-local"
PILLAR 2: Audio & Media Format Conversion,Cluster 2A: YouTube to WAV (Pillar targets this directly),"""The Ultimate Guide to Converting YouTube & Social Media Audio""",21,🆕 ⭐ YouTube to WAV Converter: Online Tools Compared,youtube to wav converter,"4,800",0,NEW,"Informational,Non-branded,Non-local"
PILLAR 2: Audio & Media Format Conversion,Cluster 2B: YouTube to Other Formats,"""The Ultimate Guide to Converting YouTube & Social Media Audio""",22,🆕 ⭐ YouTube to OGG Converter: Free Online Tool,youtube to ogg,"4,900",1,NEW,"Informational,Branded,Non-local"
PILLAR 2: Audio & Media Format Conversion,Cluster 2B: YouTube to Other Formats,"""The Ultimate Guide to Converting YouTube & Social Media Audio""",23,🆕 ⭐ YouTube to WebM Converter,youtube to webm,"1,000",0,NEW,"Informational,Branded,Non-local"
PILLAR 2: Audio & Media Format Conversion,Cluster 2B: YouTube to Other Formats,"""The Ultimate Guide to Converting YouTube & Social Media Audio""",24,🆕 YouTube to WMV Converter,youtube to wmv,150,10,NEW,"Informational,Branded,Non-local"
PILLAR 2: Audio & Media Format Conversion,Cluster 2C: YouTube Playlist to MP3,"""The Ultimate Guide to Converting YouTube & Social Media Audio""",25,🆕 ⭐ YouTube Playlist to MP3: Download Entire Playlists,youtube playlist to mp3,"2,100",1,NEW,"Informational,Branded,Non-local"
PILLAR 2: Audio & Media Format Conversion,Cluster 2D: Social Media Audio Extraction,"""The Ultimate Guide to Converting YouTube & Social Media Audio""",26,✅ How to Download TikTok Sounds as MP3,tiktok sounds mp3,—,—,EXISTING,Intent Not Found
PILLAR 2: Audio & Media Format Conversion,Cluster 2D: Social Media Audio Extraction,"""The Ultimate Guide to Converting YouTube & Social Media Audio""",27,✅ MP3 Juice & Free Music Downloaders: Are They Safe?,mp3 juice,—,—,EXISTING,Intent Not Found
PILLAR 2: Audio & Media Format Conversion,Cluster 2D: Social Media Audio Extraction,"""The Ultimate Guide to Converting YouTube & Social Media Audio""",28,🆕 How to Convert YouTube Videos to Ringtones,convert youtube to ringtone,150,0,NEW,"Informational,Branded,Non-local"
PILLAR 2: Audio & Media Format Conversion,Cluster 2D: Social Media Audio Extraction,"""The Ultimate Guide to Converting YouTube & Social Media Audio""",29,🆕 How to Download Beats from YouTube,how to download beats from youtube,100,0,NEW,"Informational,Non-branded,Non-local"
PILLAR 2: Audio & Media Format Conversion,Cluster 2E: Spanish Audio Content,"""The Ultimate Guide to Converting YouTube & Social Media Audio""",30,🆕 Descargar Música de YouTube Gratis,descargar musica de youtube gratis,600,0,NEW,"Informational,Non-branded,Non-local"
PILLAR 2: Audio & Media Format Conversion,Cluster 2E: Spanish Audio Content,"""The Ultimate Guide to Converting YouTube & Social Media Audio""",31,🆕 Convertidor MP3 YouTube,convertidor mp3 youtube,450,0,NEW,"Informational,Branded,Non-local"
PILLAR 3: Video & Media Downloading,Cluster 3A: YouTube Playlist Downloads,"""How to Download Videos from Any Social Media Platform (2026)""",32,🆕 ⭐ Best YouTube Playlist Downloaders (2026),youtube playlist download,900,1,NEW,"Informational,Non-branded,Non-local"
PILLAR 3: Video & Media Downloading,Cluster 3A: YouTube Playlist Downloads,"""How to Download Videos from Any Social Media Platform (2026)""",33,🆕 YouTube Playlist to MP4: Complete Guide,youtube playlist to mp4,300,11,NEW,"Informational,Branded,Non-local"
PILLAR 3: Video & Media Downloading,Cluster 3B: YouTube 4K Downloads,"""How to Download Videos from Any Social Media Platform (2026)""",34,🆕 ⭐ Download YouTube Videos in 4K: Complete Guide,download youtube video 4k,"5,400",19,NEW,"Transactional,Non-branded,Non-local"
PILLAR 3: Video & Media Downloading,Cluster 3C: Profile Picture Downloads,"""How to Download Videos from Any Social Media Platform (2026)""",35,🆕 ⭐ YouTube PFP Downloader: Save Profile Pictures in HD,youtube pfp,"4,000",0,NEW,"Informational,Branded,Non-local"
PILLAR 3: Video & Media Downloading,Cluster 3C: Profile Picture Downloads,"""How to Download Videos from Any Social Media Platform (2026)""",36,🆕 TikTok Profile Picture Downloader (HD),tiktok profile picture downloader,"1,100",1,NEW,"Informational,Branded,Non-local"
PILLAR 3: Video & Media Downloading,Cluster 3C: Profile Picture Downloads,"""How to Download Videos from Any Social Media Platform (2026)""",37,🆕 Facebook Profile Picture Download & Viewer,facebook profile picture download,150,0,NEW,"Branded,Non-local"
PILLAR 3: Video & Media Downloading,Cluster 3C: Profile Picture Downloads,"""How to Download Videos from Any Social Media Platform (2026)""",38,🆕 Download YouTube Profile Pictures,download youtube profile picture,150,1,NEW,"Non-branded,Non-local"
PILLAR 3: Video & Media Downloading,Cluster 3D: TikTok Downloads (Existing Content),"""How to Download Videos from Any Social Media Platform (2026)""",39,✅ How to Download TikTok Without Watermark,tiktok download no watermark,—,—,EXISTING,Intent Not Found
PILLAR 3: Video & Media Downloading,Cluster 3D: TikTok Downloads (Existing Content),"""How to Download Videos from Any Social Media Platform (2026)""",40,✅ Best TikTok Downloaders 2026,tiktok downloaders,—,—,EXISTING,Intent Not Found
PILLAR 3: Video & Media Downloading,Cluster 3D: TikTok Downloads (Existing Content),"""How to Download Videos from Any Social Media Platform (2026)""",41,✅ Bulk Download TikTok Videos,bulk tiktok download,—,—,EXISTING,Intent Not Found
PILLAR 3: Video & Media Downloading,Cluster 3D: TikTok Downloads (Existing Content),"""How to Download Videos from Any Social Media Platform (2026)""",42,✅ How to Download TikTok on iPhone (No App),tiktok iphone download,—,—,EXISTING,Intent Not Found
PILLAR 3: Video & Media Downloading,Cluster 3D: TikTok Downloads (Existing Content),"""How to Download Videos from Any Social Media Platform (2026)""",43,✅ How to Download TikTok Thumbnails,tiktok thumbnails,—,—,EXISTING,Intent Not Found
PILLAR 3: Video & Media Downloading,Cluster 3D: TikTok Downloads (Existing Content),"""How to Download Videos from Any Social Media Platform (2026)""",44,🆕 TikTok Slideshow Downloader: Save Photo Carousels,tiktok slideshow download,100,1,NEW,"Informational,Branded,Non-local"
PILLAR 3: Video & Media Downloading,Cluster 3E: Instagram Downloads,"""How to Download Videos from Any Social Media Platform (2026)""",45,✅ Download Instagram Reels Without Watermark,instagram reels download,—,—,EXISTING,Intent Not Found
PILLAR 3: Video & Media Downloading,Cluster 3E: Instagram Downloads,"""How to Download Videos from Any Social Media Platform (2026)""",46,🆕 How to Download Instagram Stories (2026),how to download instagram stories,600,16,NEW,"Informational,Branded,Non-local"
PILLAR 3: Video & Media Downloading,Cluster 3E: Instagram Downloads,"""How to Download Videos from Any Social Media Platform (2026)""",47,🆕 Can You Download Private Instagram Videos?,download private instagram videos,350,18,NEW,"Informational,Branded,Non-local"
PILLAR 3: Video & Media Downloading,Cluster 3E: Instagram Downloads,"""How to Download Videos from Any Social Media Platform (2026)""",48,🆕 Best Instagram Downloader Extensions,instagram downloader extension,200,1,NEW,"Informational,Non-branded,Non-local"
PILLAR 3: Video & Media Downloading,Cluster 3F: Other Platform Downloads,"""How to Download Videos from Any Social Media Platform (2026)""",49,✅ 5 Best Ways to Save Twitter/X Videos,twitter videos,—,—,EXISTING,Intent Not Found
PILLAR 3: Video & Media Downloading,Cluster 3F: Other Platform Downloads,"""How to Download Videos from Any Social Media Platform (2026)""",50,✅ Download Facebook Reels to Phone,facebook reels,—,—,EXISTING,Intent Not Found
PILLAR 3: Video & Media Downloading,Cluster 3F: Other Platform Downloads,"""How to Download Videos from Any Social Media Platform (2026)""",51,✅ How to Download Reddit Videos with Audio,reddit videos audio,—,—,EXISTING,Intent Not Found
PILLAR 3: Video & Media Downloading,Cluster 3G: YouTube Clips & Segments,"""How to Download Videos from Any Social Media Platform (2026)""",52,🆕 How to Trim & Download Part of a YouTube Video,trim youtube video and download,200,20,NEW,"Transactional,Non-branded,Non-local"
PILLAR 3: Video & Media Downloading,Cluster 3G: YouTube Clips & Segments,"""How to Download Videos from Any Social Media Platform (2026)""",53,🆕 YouTube Subtitles Downloader,download youtube subtitle,100,15,NEW,"Non-branded,Non-local"
PILLAR 4: Social Media Tools & Utilities,Cluster 4A: Comment Tools,"""The Ultimate Social Media Toolkit: Free Online Tools for Every Platform""",54,🆕 ⭐ YouTube Comment Finder: Search Any Video's Comments,youtube comment finder,"3,700",12,NEW,"Informational,Non-branded,Non-local"
PILLAR 4: Social Media Tools & Utilities,Cluster 4A: Comment Tools,"""The Ultimate Social Media Toolkit: Free Online Tools for Every Platform""",55,🆕 ⭐ TikTok Comment Viewer & Searcher,tiktok comment viewer,"1,400",0,NEW,"Informational,Branded,Non-local"
PILLAR 4: Social Media Tools & Utilities,Cluster 4A: Comment Tools,"""The Ultimate Social Media Toolkit: Free Online Tools for Every Platform""",56,🆕 Instagram Comments Not Showing? Here's Why & How to Fix,instagram comments not showing,"1,700",0,NEW,"Informational,Branded,Non-local"
PILLAR 4: Social Media Tools & Utilities,Cluster 4A: Comment Tools,"""The Ultimate Social Media Toolkit: Free Online Tools for Every Platform""",57,🆕 YouTube Comment Generator: Best AI Tools,youtube comment generator,250,0,NEW,"Informational,Branded,Non-local"
PILLAR 4: Social Media Tools & Utilities,Cluster 4B: Follower & Unfollow Tracking,"""The Ultimate Social Media Toolkit: Free Online Tools for Every Platform""",58,🆕 ⭐ Instagram Unfollow Tracker: See Who Unfollowed You,instagram unfollow tracker,"1,900",18,NEW,"Informational,Branded,Non-local"
PILLAR 4: Social Media Tools & Utilities,Cluster 4B: Follower & Unfollow Tracking,"""The Ultimate Social Media Toolkit: Free Online Tools for Every Platform""",59,🆕 How to See Who Unfollowed You on Instagram,see who unfollowed you on instagram,"1,500",15,NEW,"Informational,Branded,Non-local"
PILLAR 4: Social Media Tools & Utilities,Cluster 4B: Follower & Unfollow Tracking,"""The Ultimate Social Media Toolkit: Free Online Tools for Every Platform""",60,🆕 Who Doesn't Follow Me Back on Instagram?,who doesn't follow me back instagram,250,18,NEW,"Informational,Branded,Non-local"
PILLAR 4: Social Media Tools & Utilities,Cluster 4B: Follower & Unfollow Tracking,"""The Ultimate Social Media Toolkit: Free Online Tools for Every Platform""",61,🆕 TikTok Following List Viewer,tiktok following list viewer,900,0,NEW,"Informational,Branded,Non-local"
PILLAR 4: Social Media Tools & Utilities,Cluster 4B: Follower & Unfollow Tracking,"""The Ultimate Social Media Toolkit: Free Online Tools for Every Platform""",62,🆕 Instagram Followers List Order: How It Works,instagram followers order,150,13,NEW,"Informational,Non-branded,Non-local"
PILLAR 4: Social Media Tools & Utilities,Cluster 4C: Shadowban Detection,"""The Ultimate Social Media Toolkit: Free Online Tools for Every Platform""",63,🆕 TikTok Shadowban Checker: Are You Shadowbanned?,tiktok shadowbanned checker,250,0,NEW,"Informational,Branded,Non-local"
PILLAR 4: Social Media Tools & Utilities,Cluster 4D: Account Age & Creation Date Tools,"""The Ultimate Social Media Toolkit: Free Online Tools for Every Platform""",64,🆕 TikTok Account Creation Date Finder,tiktok account creation date finder,200,0,NEW,"Informational,Non-branded,Non-local"
PILLAR 4: Social Media Tools & Utilities,Cluster 4D: Account Age & Creation Date Tools,"""The Ultimate Social Media Toolkit: Free Online Tools for Every Platform""",65,🆕 How to See When an Instagram Account Was Created,how to see when instagram account was created,150,1,NEW,"Informational,Non-branded,Non-local"
PILLAR 4: Social Media Tools & Utilities,Cluster 4E: Search & Discovery Tools,"""The Ultimate Social Media Toolkit: Free Online Tools for Every Platform""",66,🆕 ⭐ Instagram Search Query Optimization Guide,instagram search queries optimization,"5,400",0,NEW,"Informational,Non-branded,Non-local"
PILLAR 4: Social Media Tools & Utilities,Cluster 4E: Search & Discovery Tools,"""The Ultimate Social Media Toolkit: Free Online Tools for Every Platform""",67,🆕 TikTok User Finder: Search Any Account,tiktok finder,"1,000",10,NEW,"Informational,Branded,Non-local"
PILLAR 4: Social Media Tools & Utilities,Cluster 4E: Search & Discovery Tools,"""The Ultimate Social Media Toolkit: Free Online Tools for Every Platform""",68,🆕 TikTok Reverse Image Search: Find Original Videos,tiktok reverse image search,200,0,NEW,"Informational,Branded,Non-local"
PILLAR 4: Social Media Tools & Utilities,Cluster 4E: Search & Discovery Tools,"""The Ultimate Social Media Toolkit: Free Online Tools for Every Platform""",69,🆕 How to Find Similar YouTube Channels,find similar youtube channels,150,0,NEW,"Informational,Non-branded,Non-local"
PILLAR 4: Social Media Tools & Utilities,Cluster 4E: Search & Discovery Tools,"""The Ultimate Social Media Toolkit: Free Online Tools for Every Platform""",70,🆕 YouTube Advanced Search: Tips & Tricks,youtube advanced search,600,14,NEW,"Informational,Branded,Non-local"
PILLAR 4: Social Media Tools & Utilities,Cluster 4F: YouTube Loop & Repeat,"""The Ultimate Social Media Toolkit: Free Online Tools for Every Platform""",71,🆕 ⭐ How to Loop YouTube Videos (3 Free Methods),loop youtube video,"2,200",15,NEW,"Informational,Non-branded,Non-local"
PILLAR 4: Social Media Tools & Utilities,Cluster 4G: Copyright & Content Tools,"""The Ultimate Social Media Toolkit: Free Online Tools for Every Platform""",72,🆕 ⭐ YouTube Copyright Checker: Check Before You Upload,youtube copyright checker,"1,100",12,NEW,"Informational,Branded,Non-local"
PILLAR 4: Social Media Tools & Utilities,Cluster 4G: Copyright & Content Tools,"""The Ultimate Social Media Toolkit: Free Online Tools for Every Platform""",73,🆕 YouTube Description Copy Tool,youtube description copy,200,11,NEW,"Informational,Non-branded,Non-local"
PILLAR 4: Social Media Tools & Utilities,Cluster 4G: Copyright & Content Tools,"""The Ultimate Social Media Toolkit: Free Online Tools for Every Platform""",74,🆕 How to Translate YouTube Videos to Any Language,translate a youtube video,150,19,NEW,"Informational,Non-branded,Non-local"
PILLAR 4: Social Media Tools & Utilities,Cluster 4H: Song & Audio Identification,"""The Ultimate Social Media Toolkit: Free Online Tools for Every Platform""",75,🆕 YouTube Song Finder: Identify Any Song from a Video,youtube song finder,500,14,NEW,"Informational,Branded,Non-local"
PILLAR 4: Social Media Tools & Utilities,Cluster 4H: Song & Audio Identification,"""The Ultimate Social Media Toolkit: Free Online Tools for Every Platform""",76,🆕 YouTube BPM Finder: Get the Tempo of Any Song,youtube bpm finder,250,15,NEW,"Informational,Branded,Non-local"
PILLAR 4: Social Media Tools & Utilities,Cluster 4H: Song & Audio Identification,"""The Ultimate Social Media Toolkit: Free Online Tools for Every Platform""",77,🆕 TikTok Song Finder: Identify Songs from Videos,tiktok song finder,350,0,NEW,"Informational,Branded,Non-local"
PILLAR 4: Social Media Tools & Utilities,Cluster 4I: Instagram Account Tools,"""The Ultimate Social Media Toolkit: Free Online Tools for Every Platform""",78,🆕 How to Undisable Your Instagram Account,how to undisable instagram account,200,12,NEW,"Informational,Non-branded,Non-local"
PILLAR 4: Social Media Tools & Utilities,Cluster 4I: Instagram Account Tools,"""The Ultimate Social Media Toolkit: Free Online Tools for Every Platform""",79,🆕 Instagram Jail: What It Is and How to Get Out,instagram jail,150,0,NEW,"Informational,Non-branded,Non-local"
PILLAR 4: Social Media Tools & Utilities,Cluster 4I: Instagram Account Tools,"""The Ultimate Social Media Toolkit: Free Online Tools for Every Platform""",80,🆕 How to Turn Off Instagram Read Receipts,how to turn off instagram read receipts,450,0,NEW,"Informational,Branded,Non-local"
PILLAR 4: Social Media Tools & Utilities,Cluster 4I: Instagram Account Tools,"""The Ultimate Social Media Toolkit: Free Online Tools for Every Platform""",81,🆕 Can You See Who Shared Your Instagram Post?,can you see who shared your instagram post,"5,200",0,NEW,"Informational,Non-branded,Non-local"
PILLAR 4: Social Media Tools & Utilities,Cluster 4I: Instagram Account Tools,"""The Ultimate Social Media Toolkit: Free Online Tools for Every Platform""",82,🆕 What Does Archive Mean on Instagram?,what does archive on instagram mean,200,0,NEW,"Informational,Branded,Non-local"
PILLAR 4: Social Media Tools & Utilities,Cluster 4I: Instagram Account Tools,"""The Ultimate Social Media Toolkit: Free Online Tools for Every Platform""",83,🆕 Instagram Live Archive: Save & Rewatch Lives,instagram live archive,250,1,NEW,"Informational,Branded,Non-local"
PILLAR 4: Social Media Tools & Utilities,Cluster 4J: YouTube Channel Management,"""The Ultimate Social Media Toolkit: Free Online Tools for Every Platform""",84,🆕 YouTube Playlist Duration Calculator,youtube playlist duration calculator,900,10,NEW,"Informational,Non-branded,Non-local"
PILLAR 4: Social Media Tools & Utilities,Cluster 4J: YouTube Channel Management,"""The Ultimate Social Media Toolkit: Free Online Tools for Every Platform""",85,🆕 How to Add Admin/Manager to YouTube Channel,how to add admin to youtube channel,150,0,NEW,"Informational,Non-branded,Non-local"
PILLAR 4: Social Media Tools & Utilities,Cluster 4J: YouTube Channel Management,"""The Ultimate Social Media Toolkit: Free Online Tools for Every Platform""",86,🆕 How to Hide Subscriptions on YouTube,how to hide subscriptions on youtube,100,0,NEW,"Informational,Non-branded,Non-local"
PILLAR 4: Social Media Tools & Utilities,Cluster 4J: YouTube Channel Management,"""The Ultimate Social Media Toolkit: Free Online Tools for Every Platform""",87,🆕 TikTok Verification: How to Get Verified,tiktok verification,800,1,NEW,"Informational,Branded,Non-local"
PILLAR 5: Creator Assets & Templates,Cluster 5A: TikTok Emojis & Assets,"""Social Media Creator Toolkit: Templates, Assets & Resources""",88,"🆕 ⭐ All TikTok Emojis: Copy, Paste & Download (PNG)",happy tiktok emoji,"4,900",0,NEW,"Informational,Branded,Non-local"
PILLAR 5: Creator Assets & Templates,Cluster 5A: TikTok Emojis & Assets,"""Social Media Creator Toolkit: Templates, Assets & Resources""",89,🆕 TikTok Emoji PNG: Transparent Downloads,tiktok emoji png,"3,100",0,NEW,"Informational,Branded,Non-local"
PILLAR 5: Creator Assets & Templates,Cluster 5A: TikTok Emojis & Assets,"""Social Media Creator Toolkit: Templates, Assets & Resources""",90,🆕 TikTok Fonts: How to Use Custom Fonts in Videos,tiktok font,"3,200",12,NEW,"Informational,Branded,Non-local"
PILLAR 5: Creator Assets & Templates,Cluster 5B: Safe Zone Templates,"""Social Media Creator Toolkit: Templates, Assets & Resources""",91,🆕 ⭐ Instagram Reels Safe Zone Template (2026),instagram reels safe zone,500,0,NEW,"Informational,Branded,Non-local"
PILLAR 5: Creator Assets & Templates,Cluster 5B: Safe Zone Templates,"""Social Media Creator Toolkit: Templates, Assets & Resources""",92,🆕 TikTok Safe Zone Template: Where to Place Text,tiktok safe zone template,250,0,NEW,"Informational,Branded,Non-local"
PILLAR 5: Creator Assets & Templates,Cluster 5B: Safe Zone Templates,"""Social Media Creator Toolkit: Templates, Assets & Resources""",93,🆕 YouTube Shorts Safe Zone Guide,youtube shorts safe zone,200,0,NEW,"Informational,Branded,Non-local"
PILLAR 5: Creator Assets & Templates,Cluster 5C: Instagram Captions,"""Social Media Creator Toolkit: Templates, Assets & Resources""",94,🆕 ⭐ 500+ Instagram Post Ideas When You Don't Know What to Share,instagram post ideas,"2,000",0,NEW,"Informational,Non-branded,Non-local"
PILLAR 5: Creator Assets & Templates,Cluster 5C: Instagram Captions,"""Social Media Creator Toolkit: Templates, Assets & Resources""",95,🆕 Engagement Captions for Instagram (2026),engagement captions for instagram,500,0,NEW,"Informational,Non-branded,Non-local"
PILLAR 5: Creator Assets & Templates,Cluster 5C: Instagram Captions,"""Social Media Creator Toolkit: Templates, Assets & Resources""",96,🆕 Flower Captions for Instagram,flower captions for instagram,400,0,NEW,"Informational,Non-branded,Non-local"
PILLAR 5: Creator Assets & Templates,Cluster 5C: Instagram Captions,"""Social Media Creator Toolkit: Templates, Assets & Resources""",97,🆕 Bachelorette Instagram Captions,bachelorette instagram captions,400,0,NEW,"Informational,Non-branded,Non-local"
PILLAR 5: Creator Assets & Templates,Cluster 5C: Instagram Captions,"""Social Media Creator Toolkit: Templates, Assets & Resources""",98,🆕 Bible Verses for Instagram Bio,bible verses for instagram bio,500,0,NEW,"Informational,Non-branded,Non-local"
PILLAR 5: Creator Assets & Templates,Cluster 5C: Instagram Captions,"""Social Media Creator Toolkit: Templates, Assets & Resources""",99,🆕 Mother's Day Captions for Instagram,mothers day caption for instagram,150,0,NEW,"Informational,Non-branded,Non-local"
PILLAR 5: Creator Assets & Templates,Cluster 5C: Instagram Captions,"""Social Media Creator Toolkit: Templates, Assets & Resources""",100,🆕 TikTok Captions That Go Viral,tiktok captions that go viral,400,0,NEW,"Informational,Non-branded,Non-local"
PILLAR 5: Creator Assets & Templates,Cluster 5D: Usernames & Name Generators,"""Social Media Creator Toolkit: Templates, Assets & Resources""",101,🆕 ⭐ Nombres para Instagram (Spanish Username Ideas),nombres para instagram,"1,200",0,NEW,"Informational,Branded,Non-local"
PILLAR 5: Creator Assets & Templates,Cluster 5D: Usernames & Name Generators,"""Social Media Creator Toolkit: Templates, Assets & Resources""",102,🆕 TikTok Invisible Username: Copy & Paste,invisible tiktok name copy and paste,500,0,NEW,"Informational,Non-branded,Non-local"
PILLAR 5: Creator Assets & Templates,Cluster 5D: Usernames & Name Generators,"""Social Media Creator Toolkit: Templates, Assets & Resources""",103,🆕 Facebook Page Name Ideas,facebook page name ideas,150,0,NEW,"Informational,Non-branded,Non-local"
PILLAR 5: Creator Assets & Templates,Cluster 5E: Instagram Grid & Layout Planning,"""Social Media Creator Toolkit: Templates, Assets & Resources""",104,🆕 Instagram Grid Planner: Design Your Perfect Feed,instagram grid,"1,800",10,NEW,"Informational,Non-branded,Non-local"
PILLAR 5: Creator Assets & Templates,Cluster 5F: Instagram Highlights & Stories Assets,"""Social Media Creator Toolkit: Templates, Assets & Resources""",105,🆕 Blank Space for Instagram Highlights: Copy & Paste,blank space for instagram highlights,450,0,NEW,"Informational,Branded,Non-local"
PILLAR 5: Creator Assets & Templates,Cluster 5F: Instagram Highlights & Stories Assets,"""Social Media Creator Toolkit: Templates, Assets & Resources""",106,🆕 Instagram Professional Categories: Complete List,best instagram professional categories,350,1,NEW,"Informational,Branded,Non-local"
PILLAR 5: Creator Assets & Templates,Cluster 5G: YouTube Assets,"""Social Media Creator Toolkit: Templates, Assets & Resources""",107,🆕 YouTube Thumbnail Resizer & Converter,youtube thumbnail converter,350,12,NEW,"Informational,Non-branded,Non-local"
PILLAR 5: Creator Assets & Templates,Cluster 5G: YouTube Assets,"""Social Media Creator Toolkit: Templates, Assets & Resources""",108,🆕 YouTube Banner Template: Free Download,youtube banner template free download,200,12,NEW,"Informational,Non-branded,Non-local"
PILLAR 6: Creator Growth & Marketing,Cluster 6A: YouTube SEO & Growth,"""Social Media Growth Guide: Grow Your Following on Any Platform""",109,🆕 Best YouTube SEO Tools (2026),youtube seo tools,"2,000",18,NEW,"Informational,Non-branded,Non-local"
PILLAR 6: Creator Growth & Marketing,Cluster 6A: YouTube SEO & Growth,"""Social Media Growth Guide: Grow Your Following on Any Platform""",110,🆕 YouTube Booster: Grow Your Channel Faster,youtube booster,600,11,NEW,"Informational,Commercial,Branded,Non-local"
PILLAR 6: Creator Growth & Marketing,Cluster 6A: YouTube SEO & Growth,"""Social Media Growth Guide: Grow Your Following on Any Platform""",111,🆕 YouTube Sponsorship Websites: How to Get Sponsors,youtube sponsorship websites,150,10,NEW,"Informational,Commercial,Non-branded,Non-local"
PILLAR 6: Creator Growth & Marketing,Cluster 6A: YouTube SEO & Growth,"""Social Media Growth Guide: Grow Your Following on Any Platform""",112,🆕 YouTube Backlink Generator: Does It Work?,youtube backlink generator,150,14,NEW,"Informational,Branded,Non-local"
PILLAR 6: Creator Growth & Marketing,Cluster 6B: Instagram Growth,"""Social Media Growth Guide: Grow Your Following on Any Platform""",113,🆕 Instagram Automation Tools (2026),instagram automation tools,200,0,NEW,"Informational,Commercial,Non-branded,Non-local"
PILLAR 6: Creator Growth & Marketing,Cluster 6B: Instagram Growth,"""Social Media Growth Guide: Grow Your Following on Any Platform""",114,🆕 How to Build a Following on Instagram,how to build a following on instagram,150,0,NEW,"Informational,Branded,Non-local"
PILLAR 6: Creator Growth & Marketing,Cluster 6B: Instagram Growth,"""Social Media Growth Guide: Grow Your Following on Any Platform""",115,🆕 How to Grow Your Photography Instagram,how to grow your photography instagram,300,0,NEW,"Informational,Branded,Non-local"
PILLAR 6: Creator Growth & Marketing,Cluster 6C: TikTok Growth,"""Social Media Growth Guide: Grow Your Following on Any Platform""",116,🆕 TikTok Agency: Best Agencies for Creators,tiktok agency,"2,100",12,NEW,"Informational,Commercial,Branded,Non-local"
PILLAR 6: Creator Growth & Marketing,Cluster 6C: TikTok Growth,"""Social Media Growth Guide: Grow Your Following on Any Platform""",117,🆕 Promote TikTok Video for Free,promote tiktok video free,300,0,NEW,"Informational,Non-branded,Non-local"
PILLAR 6: Creator Growth & Marketing,Cluster 6C: TikTok Growth,"""Social Media Growth Guide: Grow Your Following on Any Platform""",118,🆕 Using TikTok SEO for Audience Growth,using tiktok seo for the growth of the audience,200,0,NEW,"Informational,Non-branded,Non-local"
PILLAR 6: Creator Growth & Marketing,Cluster 6D: Content Creator Fundamentals (Existing Content),"""Social Media Growth Guide: Grow Your Following on Any Platform""",119,✅ How to Become a Content Creator,content creator guide,—,—,EXISTING,Intent Not Found
PILLAR 6: Creator Growth & Marketing,Cluster 6D: Content Creator Fundamentals (Existing Content),"""Social Media Growth Guide: Grow Your Following on Any Platform""",120,✅ Successful Faceless YouTube Channels,faceless youtube channels,—,—,EXISTING,Intent Not Found
PILLAR 6: Creator Growth & Marketing,Cluster 6D: Content Creator Fundamentals (Existing Content),"""Social Media Growth Guide: Grow Your Following on Any Platform""",121,✅ 10 TikTok Editing Tips to Go Viral,tiktok editing tips,—,—,EXISTING,Intent Not Found
PILLAR 6: Creator Growth & Marketing,Cluster 6D: Content Creator Fundamentals (Existing Content),"""Social Media Growth Guide: Grow Your Following on Any Platform""",122,✅ Best Free Video Editors for TikTok,free video editors tiktok,—,—,EXISTING,Intent Not Found
PILLAR 7: Social Commerce & Monetization,Cluster 7A: Account Trading,"""Social Media Monetization Guide: Coins, Sales & More""",123,🆕 Instagram Accounts for Sale: Complete Buyer's Guide,instagram accounts for sale,"1,600",14,NEW,"Commercial,Transactional,Non-branded,Non-local"
PILLAR 7: Social Commerce & Monetization,Cluster 7A: Account Trading,"""Social Media Monetization Guide: Coins, Sales & More""",124,🆕 TikTok Accounts for Sale: How to Buy/Sell Safely,tiktok account for sale,900,1,NEW,"Commercial,Transactional,Branded,Non-local"
PILLAR 7: Social Commerce & Monetization,Cluster 7A: Account Trading,"""Social Media Monetization Guide: Coins, Sales & More""",125,🆕 Instagram Usernames for Sale: How It Works,instagram usernames for sale,300,0,NEW,"Commercial,Transactional,Non-branded,Non-local"
PILLAR 7: Social Commerce & Monetization,Cluster 7B: TikTok Virtual Currency,"""Social Media Monetization Guide: Coins, Sales & More""",126,🆕 ⭐ How to Get TikTok Coins (Free & Paid Methods),get tiktok coins,"1,800",0,NEW,"Commercial,Transactional,Branded,Non-local"
PILLAR 7: Social Commerce & Monetization,Cluster 7B: TikTok Virtual Currency,"""Social Media Monetization Guide: Coins, Sales & More""",127,🆕 TikTok Diamond Calculator: Convert Diamonds to Cash,tiktok diamond calculator,200,0,NEW,"Informational,Branded,Non-local"
PILLAR 7: Social Commerce & Monetization,Cluster 7C: Modded Apps,"""Social Media Monetization Guide: Coins, Sales & More""",128,🆕 YouTube Music Mod APK: Is It Safe?,youtube music mod apk,"2,000",19,NEW,"Transactional,Branded,Non-local"
PILLAR 7: Social Commerce & Monetization,Cluster 7C: Modded Apps,"""Social Media Monetization Guide: Coins, Sales & More""",129,🆕 TikTok Mod APK: Risks & Alternatives,tiktok mod apk,"1,200",19,NEW,"Transactional,Branded,Non-local"
PILLAR 7: Social Commerce & Monetization,Cluster 7C: Modded Apps,"""Social Media Monetization Guide: Coins, Sales & More""",130,🆕 Instagram Mod APK: What You Need to Know,instagram mod apk,700,15,NEW,"Transactional,Branded,Non-local"
