target_page,gsc_internal_links,local_internal_links,unique_source_pages,diff_gsc_minus_local,sources_en_or_root,sources_es,sources_tr,sources_pt,sources_fr,sources_de,sources_ja,sources_ko,sources_ar,sources_hi,sample_source_pages
https://getmediatools.com/ja/blog/,451,387,304,64,48,28,28,28,28,28,32,28,28,28,/ | /404.html | /ar/ | /ar/blog/ | /ar/blog/10-tiktok-editing-tips-viral-2026/ | /ar/blog/5-best-ways-to-save-twitter-videos/ | /ar/blog/anonymous-tiktok-story-viewer/ | /ar/blog/anonymous-viewing/ | /ar/blog/audio-conversion/ | /ar/blog/best-free-video-editors-tiktok/ | /ar/blog/best-tiktok-downloaders-2026/ | /ar/blog/bulk-download-tiktok-videos/ | /ar/blog/creator-assets/ | /ar/blog/creator-growth/ | /ar/blog/download-facebook-reels-to-phone/
https://getmediatools.com/ko/blog/,451,387,304,64,48,28,28,28,28,28,28,32,28,28,/ | /404.html | /ar/ | /ar/blog/ | /ar/blog/10-tiktok-editing-tips-viral-2026/ | /ar/blog/5-best-ways-to-save-twitter-videos/ | /ar/blog/anonymous-tiktok-story-viewer/ | /ar/blog/anonymous-viewing/ | /ar/blog/audio-conversion/ | /ar/blog/best-free-video-editors-tiktok/ | /ar/blog/best-tiktok-downloaders-2026/ | /ar/blog/bulk-download-tiktok-videos/ | /ar/blog/creator-assets/ | /ar/blog/creator-growth/ | /ar/blog/download-facebook-reels-to-phone/
https://getmediatools.com/es/blog/,450,387,304,63,48,32,28,28,28,28,28,28,28,28,/ | /404.html | /ar/ | /ar/blog/ | /ar/blog/10-tiktok-editing-tips-viral-2026/ | /ar/blog/5-best-ways-to-save-twitter-videos/ | /ar/blog/anonymous-tiktok-story-viewer/ | /ar/blog/anonymous-viewing/ | /ar/blog/audio-conversion/ | /ar/blog/best-free-video-editors-tiktok/ | /ar/blog/best-tiktok-downloaders-2026/ | /ar/blog/bulk-download-tiktok-videos/ | /ar/blog/creator-assets/ | /ar/blog/creator-growth/ | /ar/blog/download-facebook-reels-to-phone/
https://getmediatools.com/ar/blog/,447,387,304,60,48,28,28,28,28,28,28,28,32,28,/ | /404.html | /ar/ | /ar/aspect-ratio-calculator/ | /ar/blog/ | /ar/blog/10-tiktok-editing-tips-viral-2026/ | /ar/blog/5-best-ways-to-save-twitter-videos/ | /ar/blog/anonymous-tiktok-story-viewer/ | /ar/blog/anonymous-viewing/ | /ar/blog/audio-conversion/ | /ar/blog/best-free-video-editors-tiktok/ | /ar/blog/best-tiktok-downloaders-2026/ | /ar/blog/bulk-download-tiktok-videos/ | /ar/blog/creator-assets/ | /ar/blog/creator-growth/
https://getmediatools.com/pt/blog/,447,387,304,60,48,28,28,32,28,28,28,28,28,28,/ | /404.html | /ar/ | /ar/blog/ | /ar/blog/10-tiktok-editing-tips-viral-2026/ | /ar/blog/5-best-ways-to-save-twitter-videos/ | /ar/blog/anonymous-tiktok-story-viewer/ | /ar/blog/anonymous-viewing/ | /ar/blog/audio-conversion/ | /ar/blog/best-free-video-editors-tiktok/ | /ar/blog/best-tiktok-downloaders-2026/ | /ar/blog/bulk-download-tiktok-videos/ | /ar/blog/creator-assets/ | /ar/blog/creator-growth/ | /ar/blog/download-facebook-reels-to-phone/
https://getmediatools.com/tr/blog/,446,387,304,59,48,28,32,28,28,28,28,28,28,28,/ | /404.html | /ar/ | /ar/blog/ | /ar/blog/10-tiktok-editing-tips-viral-2026/ | /ar/blog/5-best-ways-to-save-twitter-videos/ | /ar/blog/anonymous-tiktok-story-viewer/ | /ar/blog/anonymous-viewing/ | /ar/blog/audio-conversion/ | /ar/blog/best-free-video-editors-tiktok/ | /ar/blog/best-tiktok-downloaders-2026/ | /ar/blog/bulk-download-tiktok-videos/ | /ar/blog/creator-assets/ | /ar/blog/creator-growth/ | /ar/blog/download-facebook-reels-to-phone/
https://getmediatools.com/de/blog/,445,387,304,58,48,28,28,28,28,32,28,28,28,28,/ | /404.html | /ar/ | /ar/blog/ | /ar/blog/10-tiktok-editing-tips-viral-2026/ | /ar/blog/5-best-ways-to-save-twitter-videos/ | /ar/blog/anonymous-tiktok-story-viewer/ | /ar/blog/anonymous-viewing/ | /ar/blog/audio-conversion/ | /ar/blog/best-free-video-editors-tiktok/ | /ar/blog/best-tiktok-downloaders-2026/ | /ar/blog/bulk-download-tiktok-videos/ | /ar/blog/creator-assets/ | /ar/blog/creator-growth/ | /ar/blog/download-facebook-reels-to-phone/
https://getmediatools.com/fr/blog/,428,387,304,41,48,28,28,28,32,28,28,28,28,28,/ | /404.html | /ar/ | /ar/blog/ | /ar/blog/10-tiktok-editing-tips-viral-2026/ | /ar/blog/5-best-ways-to-save-twitter-videos/ | /ar/blog/anonymous-tiktok-story-viewer/ | /ar/blog/anonymous-viewing/ | /ar/blog/audio-conversion/ | /ar/blog/best-free-video-editors-tiktok/ | /ar/blog/best-tiktok-downloaders-2026/ | /ar/blog/bulk-download-tiktok-videos/ | /ar/blog/creator-assets/ | /ar/blog/creator-growth/ | /ar/blog/download-facebook-reels-to-phone/
https://getmediatools.com/hi/blog/,391,387,304,4,48,28,28,28,28,28,28,28,28,32,/ | /404.html | /ar/ | /ar/blog/ | /ar/blog/10-tiktok-editing-tips-viral-2026/ | /ar/blog/5-best-ways-to-save-twitter-videos/ | /ar/blog/anonymous-tiktok-story-viewer/ | /ar/blog/anonymous-viewing/ | /ar/blog/audio-conversion/ | /ar/blog/best-free-video-editors-tiktok/ | /ar/blog/best-tiktok-downloaders-2026/ | /ar/blog/bulk-download-tiktok-videos/ | /ar/blog/creator-assets/ | /ar/blog/creator-growth/ | /ar/blog/download-facebook-reels-to-phone/
https://getmediatools.com/,115,208,65,-93,56,1,1,1,1,1,1,1,1,1,/ | /404.html | /account/ | /ar/blog/how-to-become-a-content-creator/ | /blog/ | /blog/10-tiktok-editing-tips-viral-2026/ | /blog/5-best-ways-to-save-twitter-videos/ | /blog/anonymous-tiktok-story-viewer/ | /blog/anonymous-viewing/ | /blog/audio-conversion/ | /blog/best-free-tiktok-viewer-tools-watch-browse-anonymously-no-account-needed/ | /blog/best-free-video-editors-tiktok/ | /blog/best-tiktok-downloaders-2026/ | /blog/bulk-download-tiktok-videos/ | /blog/creator-assets/
https://getmediatools.com/es/,59,117,35,-58,0,35,0,0,0,0,0,0,0,0,/es/ | /es/account/ | /es/blog/ | /es/blog/10-tiktok-editing-tips-viral-2026/ | /es/blog/5-best-ways-to-save-twitter-videos/ | /es/blog/anonymous-tiktok-story-viewer/ | /es/blog/anonymous-viewing/ | /es/blog/audio-conversion/ | /es/blog/best-free-video-editors-tiktok/ | /es/blog/best-tiktok-downloaders-2026/ | /es/blog/bulk-download-tiktok-videos/ | /es/blog/creator-assets/ | /es/blog/creator-growth/ | /es/blog/download-facebook-reels-to-phone/ | /es/blog/download-instagram-reels-without-watermark/
https://getmediatools.com/es/facebook-downloader/,54,5,2,49,0,2,0,0,0,0,0,0,0,0,/es/blog/download-facebook-reels-to-phone/ | /es/blog/how-to-download-reddit-videos-with-audio/
https://getmediatools.com/fr/,54,117,35,-63,0,0,0,0,35,0,0,0,0,0,/fr/ | /fr/account/ | /fr/blog/ | /fr/blog/10-tiktok-editing-tips-viral-2026/ | /fr/blog/5-best-ways-to-save-twitter-videos/ | /fr/blog/anonymous-tiktok-story-viewer/ | /fr/blog/anonymous-viewing/ | /fr/blog/audio-conversion/ | /fr/blog/best-free-video-editors-tiktok/ | /fr/blog/best-tiktok-downloaders-2026/ | /fr/blog/bulk-download-tiktok-videos/ | /fr/blog/creator-assets/ | /fr/blog/creator-growth/ | /fr/blog/download-facebook-reels-to-phone/ | /fr/blog/download-instagram-reels-without-watermark/
https://getmediatools.com/de/,53,117,35,-64,0,0,0,0,0,35,0,0,0,0,/de/ | /de/account/ | /de/blog/ | /de/blog/10-tiktok-editing-tips-viral-2026/ | /de/blog/5-best-ways-to-save-twitter-videos/ | /de/blog/anonymous-tiktok-story-viewer/ | /de/blog/anonymous-viewing/ | /de/blog/audio-conversion/ | /de/blog/best-free-video-editors-tiktok/ | /de/blog/best-tiktok-downloaders-2026/ | /de/blog/bulk-download-tiktok-videos/ | /de/blog/creator-assets/ | /de/blog/creator-growth/ | /de/blog/download-facebook-reels-to-phone/ | /de/blog/download-instagram-reels-without-watermark/
https://getmediatools.com/pt/,53,117,35,-64,0,0,0,35,0,0,0,0,0,0,/pt/ | /pt/account/ | /pt/blog/ | /pt/blog/10-tiktok-editing-tips-viral-2026/ | /pt/blog/5-best-ways-to-save-twitter-videos/ | /pt/blog/anonymous-tiktok-story-viewer/ | /pt/blog/anonymous-viewing/ | /pt/blog/audio-conversion/ | /pt/blog/best-free-video-editors-tiktok/ | /pt/blog/best-tiktok-downloaders-2026/ | /pt/blog/bulk-download-tiktok-videos/ | /pt/blog/creator-assets/ | /pt/blog/creator-growth/ | /pt/blog/download-facebook-reels-to-phone/ | /pt/blog/download-instagram-reels-without-watermark/
https://getmediatools.com/tr/,53,117,35,-64,0,0,35,0,0,0,0,0,0,0,/tr/ | /tr/account/ | /tr/blog/ | /tr/blog/10-tiktok-editing-tips-viral-2026/ | /tr/blog/5-best-ways-to-save-twitter-videos/ | /tr/blog/anonymous-tiktok-story-viewer/ | /tr/blog/anonymous-viewing/ | /tr/blog/audio-conversion/ | /tr/blog/best-free-video-editors-tiktok/ | /tr/blog/best-tiktok-downloaders-2026/ | /tr/blog/bulk-download-tiktok-videos/ | /tr/blog/creator-assets/ | /tr/blog/creator-growth/ | /tr/blog/download-facebook-reels-to-phone/ | /tr/blog/download-instagram-reels-without-watermark/
https://getmediatools.com/ja/,52,117,35,-65,0,0,0,0,0,0,35,0,0,0,/ja/ | /ja/account/ | /ja/blog/ | /ja/blog/10-tiktok-editing-tips-viral-2026/ | /ja/blog/5-best-ways-to-save-twitter-videos/ | /ja/blog/anonymous-tiktok-story-viewer/ | /ja/blog/anonymous-viewing/ | /ja/blog/audio-conversion/ | /ja/blog/best-free-video-editors-tiktok/ | /ja/blog/best-tiktok-downloaders-2026/ | /ja/blog/bulk-download-tiktok-videos/ | /ja/blog/creator-assets/ | /ja/blog/creator-growth/ | /ja/blog/download-facebook-reels-to-phone/ | /ja/blog/download-instagram-reels-without-watermark/
https://getmediatools.com/ko/,52,117,35,-65,0,0,0,0,0,0,0,35,0,0,/ko/ | /ko/account/ | /ko/blog/ | /ko/blog/10-tiktok-editing-tips-viral-2026/ | /ko/blog/5-best-ways-to-save-twitter-videos/ | /ko/blog/anonymous-tiktok-story-viewer/ | /ko/blog/anonymous-viewing/ | /ko/blog/audio-conversion/ | /ko/blog/best-free-video-editors-tiktok/ | /ko/blog/best-tiktok-downloaders-2026/ | /ko/blog/bulk-download-tiktok-videos/ | /ko/blog/creator-assets/ | /ko/blog/creator-growth/ | /ko/blog/download-facebook-reels-to-phone/ | /ko/blog/download-instagram-reels-without-watermark/
https://getmediatools.com/es/blog/how-to-download-tiktok-sounds-mp3/,51,24,13,27,0,13,0,0,0,0,0,0,0,0,/es/blog/ | /es/blog/10-tiktok-editing-tips-viral-2026/ | /es/blog/5-best-ways-to-save-twitter-videos/ | /es/blog/audio-conversion/ | /es/blog/best-free-video-editors-tiktok/ | /es/blog/best-tiktok-downloaders-2026/ | /es/blog/download-instagram-reels-without-watermark/ | /es/blog/how-to-become-a-content-creator/ | /es/blog/how-to-download-tiktok-without-watermark/ | /es/blog/mp3-juice-free-music-downloaders-safe/ | /es/blog/successful-faceless-youtube-channels/ | /es/tiktok-sound-downloader/ | /es/video-to-mp3/
https://getmediatools.com/de/facebook-downloader/,49,5,2,44,0,0,0,0,0,2,0,0,0,0,/de/blog/download-facebook-reels-to-phone/ | /de/blog/how-to-download-reddit-videos-with-audio/
https://getmediatools.com/es/blog/download-instagram-reels-without-watermark/,49,18,10,31,0,10,0,0,0,0,0,0,0,0,/es/ | /es/blog/ | /es/blog/5-best-ways-to-save-twitter-videos/ | /es/blog/anonymous-tiktok-story-viewer/ | /es/blog/download-facebook-reels-to-phone/ | /es/blog/downloading-media/ | /es/blog/how-to-download-reddit-videos-with-audio/ | /es/blog/how-to-download-tiktok-iphone-no-app/ | /es/blog/tiktok-banned-how-to-access-download/ | /es/instagram-downloader/
https://getmediatools.com/ja/tiktok-downloader/,49,16,9,33,0,0,0,0,0,0,9,0,0,0,/ja/blog/10-tiktok-editing-tips-viral-2026/ | /ja/blog/anonymous-tiktok-story-viewer/ | /ja/blog/best-tiktok-downloaders-2026/ | /ja/blog/bulk-download-tiktok-videos/ | /ja/blog/how-to-download-reddit-videos-with-audio/ | /ja/blog/how-to-download-tiktok-sounds-mp3/ | /ja/blog/how-to-download-tiktok-without-watermark/ | /ja/blog/tiktok-banned-how-to-access-download/ | /ja/blog/watch-tiktok-without-app/
https://getmediatools.com/ja/video-to-mp3/,49,4,2,45,0,0,0,0,0,0,2,0,0,0,/ja/blog/how-to-download-tiktok-sounds-mp3/ | /ja/blog/mp3-juice-free-music-downloaders-safe/
https://getmediatools.com/de/tiktok-downloader/,48,24,12,24,0,0,0,0,0,12,0,0,0,0,/de/blog/10-tiktok-editing-tips-viral-2026/ | /de/blog/anonymous-tiktok-story-viewer/ | /de/blog/best-free-video-editors-tiktok/ | /de/blog/best-tiktok-downloaders-2026/ | /de/blog/bulk-download-tiktok-videos/ | /de/blog/how-to-download-reddit-videos-with-audio/ | /de/blog/how-to-download-tiktok-iphone-no-app/ | /de/blog/how-to-download-tiktok-sounds-mp3/ | /de/blog/how-to-download-tiktok-thumbnails/ | /de/blog/how-to-download-tiktok-without-watermark/ | /de/blog/tiktok-banned-how-to-access-download/ | /de/blog/watch-tiktok-without-app/
https://getmediatools.com/de/video-to-mp3/,48,4,2,44,0,0,0,0,0,2,0,0,0,0,/de/blog/how-to-download-tiktok-sounds-mp3/ | /de/blog/mp3-juice-free-music-downloaders-safe/
https://getmediatools.com/fr/facebook-downloader/,48,5,2,43,0,0,0,0,2,0,0,0,0,0,/fr/blog/download-facebook-reels-to-phone/ | /fr/blog/how-to-download-reddit-videos-with-audio/
https://getmediatools.com/fr/tiktok-downloader/,48,24,12,24,0,0,0,0,12,0,0,0,0,0,/fr/blog/10-tiktok-editing-tips-viral-2026/ | /fr/blog/anonymous-tiktok-story-viewer/ | /fr/blog/best-free-video-editors-tiktok/ | /fr/blog/best-tiktok-downloaders-2026/ | /fr/blog/bulk-download-tiktok-videos/ | /fr/blog/how-to-download-reddit-videos-with-audio/ | /fr/blog/how-to-download-tiktok-iphone-no-app/ | /fr/blog/how-to-download-tiktok-sounds-mp3/ | /fr/blog/how-to-download-tiktok-thumbnails/ | /fr/blog/how-to-download-tiktok-without-watermark/ | /fr/blog/tiktok-banned-how-to-access-download/ | /fr/blog/watch-tiktok-without-app/
https://getmediatools.com/fr/tiktok-sound-downloader/,48,8,5,40,0,0,0,0,5,0,0,0,0,0,/fr/blog/10-tiktok-editing-tips-viral-2026/ | /fr/blog/best-tiktok-downloaders-2026/ | /fr/blog/how-to-download-tiktok-iphone-no-app/ | /fr/blog/how-to-download-tiktok-sounds-mp3/ | /fr/blog/how-to-download-tiktok-thumbnails/
https://getmediatools.com/ja/tiktok-sound-downloader/,48,4,3,44,0,0,0,0,0,0,3,0,0,0,/ja/blog/10-tiktok-editing-tips-viral-2026/ | /ja/blog/best-tiktok-downloaders-2026/ | /ja/blog/how-to-download-tiktok-sounds-mp3/
https://getmediatools.com/ko/facebook-downloader/,48,5,2,43,0,0,0,0,0,0,0,2,0,0,/ko/blog/download-facebook-reels-to-phone/ | /ko/blog/how-to-download-reddit-videos-with-audio/
https://getmediatools.com/ko/thumbnail-grabber/,48,5,2,43,0,0,0,0,0,0,0,2,0,0,/ko/blog/10-tiktok-editing-tips-viral-2026/ | /ko/blog/how-to-download-tiktok-thumbnails/
https://getmediatools.com/ko/video-to-mp3/,48,5,2,43,0,0,0,0,0,0,0,2,0,0,/ko/blog/how-to-download-tiktok-sounds-mp3/ | /ko/blog/mp3-juice-free-music-downloaders-safe/
https://getmediatools.com/pt/tiktok-downloader/,48,25,12,23,0,0,0,12,0,0,0,0,0,0,/pt/blog/10-tiktok-editing-tips-viral-2026/ | /pt/blog/anonymous-tiktok-story-viewer/ | /pt/blog/best-free-video-editors-tiktok/ | /pt/blog/best-tiktok-downloaders-2026/ | /pt/blog/bulk-download-tiktok-videos/ | /pt/blog/how-to-download-reddit-videos-with-audio/ | /pt/blog/how-to-download-tiktok-iphone-no-app/ | /pt/blog/how-to-download-tiktok-sounds-mp3/ | /pt/blog/how-to-download-tiktok-thumbnails/ | /pt/blog/how-to-download-tiktok-without-watermark/ | /pt/blog/tiktok-banned-how-to-access-download/ | /pt/blog/watch-tiktok-without-app/
https://getmediatools.com/pt/video-to-mp3/,48,5,2,43,0,0,0,2,0,0,0,0,0,0,/pt/blog/how-to-download-tiktok-sounds-mp3/ | /pt/blog/mp3-juice-free-music-downloaders-safe/
https://getmediatools.com/de/twitter-downloader/,47,5,1,42,0,0,0,0,0,1,0,0,0,0,/de/blog/5-best-ways-to-save-twitter-videos/
https://getmediatools.com/fr/twitter-downloader/,47,5,1,42,0,0,0,0,1,0,0,0,0,0,/fr/blog/5-best-ways-to-save-twitter-videos/
https://getmediatools.com/ja/facebook-downloader/,47,3,2,44,0,0,0,0,0,0,2,0,0,0,/ja/blog/download-facebook-reels-to-phone/ | /ja/blog/how-to-download-reddit-videos-with-audio/
https://getmediatools.com/ja/twitter-downloader/,47,4,1,43,0,0,0,0,0,0,1,0,0,0,/ja/blog/5-best-ways-to-save-twitter-videos/
https://getmediatools.com/ko/twitter-downloader/,47,4,1,43,0,0,0,0,0,0,0,1,0,0,/ko/blog/5-best-ways-to-save-twitter-videos/
https://getmediatools.com/pt/blog/how-to-download-tiktok-sounds-mp3/,47,23,12,24,0,0,0,12,0,0,0,0,0,0,/pt/blog/ | /pt/blog/5-best-ways-to-save-twitter-videos/ | /pt/blog/audio-conversion/ | /pt/blog/best-free-video-editors-tiktok/ | /pt/blog/best-tiktok-downloaders-2026/ | /pt/blog/download-instagram-reels-without-watermark/ | /pt/blog/how-to-become-a-content-creator/ | /pt/blog/how-to-download-tiktok-without-watermark/ | /pt/blog/mp3-juice-free-music-downloaders-safe/ | /pt/blog/successful-faceless-youtube-channels/ | /pt/tiktok-sound-downloader/ | /pt/video-to-mp3/
https://getmediatools.com/pt/thumbnail-grabber/,47,5,2,42,0,0,0,2,0,0,0,0,0,0,/pt/blog/10-tiktok-editing-tips-viral-2026/ | /pt/blog/how-to-download-tiktok-thumbnails/
https://getmediatools.com/thumbnail-grabber/,47,0,0,47,0,0,0,0,0,0,0,0,0,0,
https://getmediatools.com/tiktok-sound-downloader/,47,0,0,47,0,0,0,0,0,0,0,0,0,0,
https://getmediatools.com/tr/blog/how-to-download-tiktok-sounds-mp3/,47,24,13,23,0,0,13,0,0,0,0,0,0,0,/tr/blog/ | /tr/blog/10-tiktok-editing-tips-viral-2026/ | /tr/blog/5-best-ways-to-save-twitter-videos/ | /tr/blog/audio-conversion/ | /tr/blog/best-free-video-editors-tiktok/ | /tr/blog/best-tiktok-downloaders-2026/ | /tr/blog/download-instagram-reels-without-watermark/ | /tr/blog/how-to-become-a-content-creator/ | /tr/blog/how-to-download-tiktok-without-watermark/ | /tr/blog/mp3-juice-free-music-downloaders-safe/ | /tr/blog/successful-faceless-youtube-channels/ | /tr/tiktok-sound-downloader/ | /tr/video-to-mp3/
https://getmediatools.com/tr/facebook-downloader/,47,5,2,42,0,0,2,0,0,0,0,0,0,0,/tr/blog/download-facebook-reels-to-phone/ | /tr/blog/how-to-download-reddit-videos-with-audio/
https://getmediatools.com/video-to-mp3/,47,1,1,46,1,0,0,0,0,0,0,0,0,0,/404.html
https://getmediatools.com/es/blog/how-to-become-a-content-creator/,46,11,6,35,0,6,0,0,0,0,0,0,0,0,/es/ | /es/blog/ | /es/blog/creator-growth/ | /es/blog/how-to-download-tiktok-sounds-mp3/ | /es/blog/successful-faceless-youtube-channels/ | /es/blog/watch-tiktok-without-app/
https://getmediatools.com/fr/blog/how-to-download-tiktok-thumbnails/,46,13,7,33,0,0,0,0,7,0,0,0,0,0,/fr/blog/ | /fr/blog/bulk-download-tiktok-videos/ | /fr/blog/download-facebook-reels-to-phone/ | /fr/blog/downloading-media/ | /fr/blog/tiktok-banned-how-to-access-download/ | /fr/blog/tiktok-thumbnail-download/ | /fr/thumbnail-grabber/
https://getmediatools.com/fr/video-to-mp3/,46,5,2,41,0,0,0,0,2,0,0,0,0,0,/fr/blog/how-to-download-tiktok-sounds-mp3/ | /fr/blog/mp3-juice-free-music-downloaders-safe/
https://getmediatools.com/ja/thumbnail-grabber/,46,3,2,43,0,0,0,0,0,0,2,0,0,0,/ja/blog/10-tiktok-editing-tips-viral-2026/ | /ja/blog/how-to-download-tiktok-thumbnails/
https://getmediatools.com/ko/blog/best-tiktok-downloaders-2026/,46,23,11,23,0,0,0,0,0,0,0,11,0,0,/ko/blog/ | /ko/blog/5-best-ways-to-save-twitter-videos/ | /ko/blog/best-free-video-editors-tiktok/ | /ko/blog/bulk-download-tiktok-videos/ | /ko/blog/download-instagram-reels-without-watermark/ | /ko/blog/downloading-media/ | /ko/blog/how-to-become-a-content-creator/ | /ko/blog/how-to-download-tiktok-without-watermark/ | /ko/blog/mp3-juice-free-music-downloaders-safe/ | /ko/blog/successful-faceless-youtube-channels/ | /ko/tiktok-downloader/
https://getmediatools.com/tr/tiktok-downloader/,46,24,12,22,0,0,12,0,0,0,0,0,0,0,/tr/blog/10-tiktok-editing-tips-viral-2026/ | /tr/blog/anonymous-tiktok-story-viewer/ | /tr/blog/best-free-video-editors-tiktok/ | /tr/blog/best-tiktok-downloaders-2026/ | /tr/blog/bulk-download-tiktok-videos/ | /tr/blog/how-to-download-reddit-videos-with-audio/ | /tr/blog/how-to-download-tiktok-iphone-no-app/ | /tr/blog/how-to-download-tiktok-sounds-mp3/ | /tr/blog/how-to-download-tiktok-thumbnails/ | /tr/blog/how-to-download-tiktok-without-watermark/ | /tr/blog/tiktok-banned-how-to-access-download/ | /tr/blog/watch-tiktok-without-app/
https://getmediatools.com/ja/blog/download-instagram-reels-without-watermark/,45,16,8,29,0,0,0,0,0,0,8,0,0,0,/ja/ | /ja/blog/ | /ja/blog/anonymous-tiktok-story-viewer/ | /ja/blog/downloading-media/ | /ja/blog/how-to-download-reddit-videos-with-audio/ | /ja/blog/how-to-download-tiktok-iphone-no-app/ | /ja/blog/tiktok-banned-how-to-access-download/ | /ja/instagram-downloader/
https://getmediatools.com/pt/blog/download-facebook-reels-to-phone/,45,16,9,29,0,0,0,9,0,0,0,0,0,0,/pt/blog/ | /pt/blog/10-tiktok-editing-tips-viral-2026/ | /pt/blog/5-best-ways-to-save-twitter-videos/ | /pt/blog/best-tiktok-downloaders-2026/ | /pt/blog/download-instagram-reels-without-watermark/ | /pt/blog/downloading-media/ | /pt/blog/how-to-download-reddit-videos-with-audio/ | /pt/blog/how-to-download-tiktok-iphone-no-app/ | /pt/facebook-downloader/
https://getmediatools.com/fr/blog/download-instagram-reels-without-watermark/,43,18,10,25,0,0,0,0,10,0,0,0,0,0,/fr/ | /fr/blog/ | /fr/blog/5-best-ways-to-save-twitter-videos/ | /fr/blog/anonymous-tiktok-story-viewer/ | /fr/blog/download-facebook-reels-to-phone/ | /fr/blog/downloading-media/ | /fr/blog/how-to-download-reddit-videos-with-audio/ | /fr/blog/how-to-download-tiktok-iphone-no-app/ | /fr/blog/tiktok-banned-how-to-access-download/ | /fr/instagram-downloader/
https://getmediatools.com/pt/blog/download-instagram-reels-without-watermark/,42,18,10,24,0,0,0,10,0,0,0,0,0,0,/pt/ | /pt/blog/ | /pt/blog/5-best-ways-to-save-twitter-videos/ | /pt/blog/anonymous-tiktok-story-viewer/ | /pt/blog/download-facebook-reels-to-phone/ | /pt/blog/downloading-media/ | /pt/blog/how-to-download-reddit-videos-with-audio/ | /pt/blog/how-to-download-tiktok-iphone-no-app/ | /pt/blog/tiktok-banned-how-to-access-download/ | /pt/instagram-downloader/
https://getmediatools.com/de/blog/download-instagram-reels-without-watermark/,41,18,10,23,0,0,0,0,0,10,0,0,0,0,/de/ | /de/blog/ | /de/blog/5-best-ways-to-save-twitter-videos/ | /de/blog/anonymous-tiktok-story-viewer/ | /de/blog/download-facebook-reels-to-phone/ | /de/blog/downloading-media/ | /de/blog/how-to-download-reddit-videos-with-audio/ | /de/blog/how-to-download-tiktok-iphone-no-app/ | /de/blog/tiktok-banned-how-to-access-download/ | /de/instagram-downloader/
https://getmediatools.com/fr/blog/how-to-become-a-content-creator/,41,11,6,30,0,0,0,0,6,0,0,0,0,0,/fr/ | /fr/blog/ | /fr/blog/creator-growth/ | /fr/blog/how-to-download-tiktok-sounds-mp3/ | /fr/blog/successful-faceless-youtube-channels/ | /fr/blog/watch-tiktok-without-app/
https://getmediatools.com/ja/blog/how-to-become-a-content-creator/,41,11,6,30,0,0,0,0,0,0,6,0,0,0,/ja/ | /ja/blog/ | /ja/blog/creator-growth/ | /ja/blog/how-to-download-tiktok-sounds-mp3/ | /ja/blog/successful-faceless-youtube-channels/ | /ja/blog/watch-tiktok-without-app/
https://getmediatools.com/ja/blog/successful-faceless-youtube-channels/,41,14,7,27,0,0,0,0,0,0,7,0,0,0,/ja/ | /ja/blog/ | /ja/blog/10-tiktok-editing-tips-viral-2026/ | /ja/blog/best-tiktok-downloaders-2026/ | /ja/blog/creator-growth/ | /ja/blog/how-to-become-a-content-creator/ | /ja/blog/how-to-download-tiktok-thumbnails/
https://getmediatools.com/blog/how-to-become-a-content-creator/,38,14,6,24,6,0,0,0,0,0,0,0,0,0,/blog/ | /blog/10-tiktok-editing-tips-viral-2026/ | /blog/best-free-video-editors-tiktok/ | /blog/creator-growth/ | /blog/successful-faceless-youtube-channels/ | /en/blog/how-to-become-a-content-creator/
https://getmediatools.com/de/blog/successful-faceless-youtube-channels/,36,14,7,22,0,0,0,0,0,7,0,0,0,0,/de/ | /de/blog/ | /de/blog/10-tiktok-editing-tips-viral-2026/ | /de/blog/best-tiktok-downloaders-2026/ | /de/blog/creator-growth/ | /de/blog/how-to-become-a-content-creator/ | /de/blog/how-to-download-tiktok-thumbnails/
https://getmediatools.com/ko/blog/download-instagram-reels-without-watermark/,36,17,9,19,0,0,0,0,0,0,0,9,0,0,/ko/ | /ko/blog/ | /ko/blog/anonymous-tiktok-story-viewer/ | /ko/blog/download-facebook-reels-to-phone/ | /ko/blog/downloading-media/ | /ko/blog/how-to-download-reddit-videos-with-audio/ | /ko/blog/how-to-download-tiktok-iphone-no-app/ | /ko/blog/tiktok-banned-how-to-access-download/ | /ko/instagram-downloader/
https://getmediatools.com/ko/legal/privacy-policy/,36,0,0,36,0,0,0,0,0,0,0,0,0,0,
https://getmediatools.com/tr/blog/how-to-become-a-content-creator/,36,11,6,25,0,0,6,0,0,0,0,0,0,0,/tr/ | /tr/blog/ | /tr/blog/creator-growth/ | /tr/blog/how-to-download-tiktok-sounds-mp3/ | /tr/blog/successful-faceless-youtube-channels/ | /tr/blog/watch-tiktok-without-app/
https://getmediatools.com/blog/download-instagram-reels-without-watermark/,35,29,13,6,13,0,0,0,0,0,0,0,0,0,/blog/ | /blog/5-best-ways-to-save-twitter-videos/ | /blog/best-tiktok-downloaders-2026/ | /blog/bulk-download-tiktok-videos/ | /blog/download-facebook-reels-to-phone/ | /blog/download-instagram-reels-without-watermark/ | /blog/downloading-media/ | /blog/how-to-download-reddit-videos-with-audio/ | /blog/how-to-download-tiktok-iphone-no-app/ | /blog/how-to-download-tiktok-thumbnails/ | /blog/how-to-download-tiktok-without-watermark/ | /en/blog/download-instagram-reels-without-watermark/ | /instagram-downloader/
https://getmediatools.com/ko/legal/refund-policy/,35,0,0,35,0,0,0,0,0,0,0,0,0,0,
https://getmediatools.com/pt/blog/successful-faceless-youtube-channels/,35,14,7,21,0,0,0,7,0,0,0,0,0,0,/pt/ | /pt/blog/ | /pt/blog/10-tiktok-editing-tips-viral-2026/ | /pt/blog/best-tiktok-downloaders-2026/ | /pt/blog/creator-growth/ | /pt/blog/how-to-become-a-content-creator/ | /pt/blog/how-to-download-tiktok-thumbnails/
https://getmediatools.com/tr/blog/successful-faceless-youtube-channels/,35,14,7,21,0,0,7,0,0,0,0,0,0,0,/tr/ | /tr/blog/ | /tr/blog/10-tiktok-editing-tips-viral-2026/ | /tr/blog/best-tiktok-downloaders-2026/ | /tr/blog/creator-growth/ | /tr/blog/how-to-become-a-content-creator/ | /tr/blog/how-to-download-tiktok-thumbnails/
https://getmediatools.com/ko/instagram-downloader/,34,3,1,31,0,0,0,0,0,0,0,1,0,0,/ko/blog/download-instagram-reels-without-watermark/
https://getmediatools.com/ko/legal/terms-of-service/,34,0,0,34,0,0,0,0,0,0,0,0,0,0,
https://getmediatools.com/ko/blog/successful-faceless-youtube-channels/,32,14,7,18,0,0,0,0,0,0,0,7,0,0,/ko/ | /ko/blog/ | /ko/blog/10-tiktok-editing-tips-viral-2026/ | /ko/blog/best-tiktok-downloaders-2026/ | /ko/blog/creator-growth/ | /ko/blog/how-to-become-a-content-creator/ | /ko/blog/how-to-download-tiktok-thumbnails/
https://getmediatools.com/instagram-downloader/,31,0,0,31,0,0,0,0,0,0,0,0,0,0,
https://getmediatools.com/blog/successful-faceless-youtube-channels/,30,15,6,15,6,0,0,0,0,0,0,0,0,0,/blog/ | /blog/10-tiktok-editing-tips-viral-2026/ | /blog/best-free-video-editors-tiktok/ | /blog/creator-growth/ | /blog/how-to-become-a-content-creator/ | /en/blog/successful-faceless-youtube-channels/
https://getmediatools.com/ko/blog/how-to-download-tiktok-thumbnails/,29,13,7,16,0,0,0,0,0,0,0,7,0,0,/ko/blog/ | /ko/blog/bulk-download-tiktok-videos/ | /ko/blog/download-facebook-reels-to-phone/ | /ko/blog/downloading-media/ | /ko/blog/tiktok-banned-how-to-access-download/ | /ko/blog/tiktok-thumbnail-download/ | /ko/thumbnail-grabber/
https://getmediatools.com/fr/legal/contact-us/,25,0,0,25,0,0,0,0,0,0,0,0,0,0,
https://getmediatools.com/es/blog/anonymous-tiktok-story-viewer/,22,21,11,1,0,11,0,0,0,0,0,0,0,0,/es/ | /es/blog/ | /es/blog/5-best-ways-to-save-twitter-videos/ | /es/blog/anonymous-viewing/ | /es/blog/best-free-video-editors-tiktok/ | /es/blog/best-tiktok-downloaders-2026/ | /es/blog/bulk-download-tiktok-videos/ | /es/blog/download-instagram-reels-without-watermark/ | /es/blog/how-to-download-tiktok-thumbnails/ | /es/blog/how-to-download-tiktok-without-watermark/ | /es/blog/successful-faceless-youtube-channels/
https://getmediatools.com/pt/blog/anonymous-tiktok-story-viewer/,20,21,11,-1,0,0,0,11,0,0,0,0,0,0,/pt/ | /pt/blog/ | /pt/blog/5-best-ways-to-save-twitter-videos/ | /pt/blog/anonymous-viewing/ | /pt/blog/best-free-video-editors-tiktok/ | /pt/blog/best-tiktok-downloaders-2026/ | /pt/blog/bulk-download-tiktok-videos/ | /pt/blog/download-instagram-reels-without-watermark/ | /pt/blog/how-to-download-tiktok-thumbnails/ | /pt/blog/how-to-download-tiktok-without-watermark/ | /pt/blog/successful-faceless-youtube-channels/
https://getmediatools.com/tr/blog/anonymous-tiktok-story-viewer/,20,21,11,-1,0,0,11,0,0,0,0,0,0,0,/tr/ | /tr/blog/ | /tr/blog/5-best-ways-to-save-twitter-videos/ | /tr/blog/anonymous-viewing/ | /tr/blog/best-free-video-editors-tiktok/ | /tr/blog/best-tiktok-downloaders-2026/ | /tr/blog/bulk-download-tiktok-videos/ | /tr/blog/download-instagram-reels-without-watermark/ | /tr/blog/how-to-download-tiktok-thumbnails/ | /tr/blog/how-to-download-tiktok-without-watermark/ | /tr/blog/successful-faceless-youtube-channels/
https://getmediatools.com/blog/how-to-download-reddit-videos-with-audio/,19,24,11,-5,11,0,0,0,0,0,0,0,0,0,/blog/ | /blog/5-best-ways-to-save-twitter-videos/ | /blog/best-tiktok-downloaders-2026/ | /blog/bulk-download-tiktok-videos/ | /blog/download-facebook-reels-to-phone/ | /blog/download-instagram-reels-without-watermark/ | /blog/downloading-media/ | /blog/how-to-download-tiktok-iphone-no-app/ | /blog/how-to-download-tiktok-thumbnails/ | /blog/how-to-download-tiktok-without-watermark/ | /en/blog/how-to-download-reddit-videos-with-audio/
https://getmediatools.com/de/blog/anonymous-tiktok-story-viewer/,18,11,5,7,0,0,0,0,0,5,0,0,0,0,/de/blog/ | /de/blog/anonymous-viewing/ | /de/blog/how-to-download-reddit-videos-with-audio/ | /de/blog/how-to-download-tiktok-iphone-no-app/ | /de/blog/watch-tiktok-without-app/
https://getmediatools.com/ko/blog/anonymous-viewing/,18,33,29,-15,0,0,0,0,0,0,0,29,0,0,/ko/ | /ko/blog/ | /ko/blog/10-tiktok-editing-tips-viral-2026/ | /ko/blog/5-best-ways-to-save-twitter-videos/ | /ko/blog/anonymous-tiktok-story-viewer/ | /ko/blog/anonymous-viewing/ | /ko/blog/audio-conversion/ | /ko/blog/best-free-video-editors-tiktok/ | /ko/blog/best-tiktok-downloaders-2026/ | /ko/blog/bulk-download-tiktok-videos/ | /ko/blog/creator-assets/ | /ko/blog/creator-growth/ | /ko/blog/download-facebook-reels-to-phone/ | /ko/blog/download-instagram-reels-without-watermark/ | /ko/blog/downloading-media/
https://getmediatools.com/tr/blog/anonymous-viewing/,17,33,29,-16,0,0,29,0,0,0,0,0,0,0,/tr/ | /tr/blog/ | /tr/blog/10-tiktok-editing-tips-viral-2026/ | /tr/blog/5-best-ways-to-save-twitter-videos/ | /tr/blog/anonymous-tiktok-story-viewer/ | /tr/blog/anonymous-viewing/ | /tr/blog/audio-conversion/ | /tr/blog/best-free-video-editors-tiktok/ | /tr/blog/best-tiktok-downloaders-2026/ | /tr/blog/bulk-download-tiktok-videos/ | /tr/blog/creator-assets/ | /tr/blog/creator-growth/ | /tr/blog/download-facebook-reels-to-phone/ | /tr/blog/download-instagram-reels-without-watermark/ | /tr/blog/downloading-media/
https://getmediatools.com/ja/blog/audio-conversion/,16,33,30,-17,0,0,0,0,0,0,30,0,0,0,/ja/ | /ja/blog/ | /ja/blog/10-tiktok-editing-tips-viral-2026/ | /ja/blog/5-best-ways-to-save-twitter-videos/ | /ja/blog/anonymous-tiktok-story-viewer/ | /ja/blog/anonymous-viewing/ | /ja/blog/audio-conversion/ | /ja/blog/best-free-video-editors-tiktok/ | /ja/blog/best-tiktok-downloaders-2026/ | /ja/blog/bulk-download-tiktok-videos/ | /ja/blog/creator-assets/ | /ja/blog/creator-growth/ | /ja/blog/download-facebook-reels-to-phone/ | /ja/blog/download-instagram-reels-without-watermark/ | /ja/blog/downloading-media/
https://getmediatools.com/pt/blog/mp3-juice-free-music-downloaders-safe/,10,9,4,1,0,0,0,4,0,0,0,0,0,0,/pt/blog/ | /pt/blog/anonymous-tiktok-story-viewer/ | /pt/blog/audio-conversion/ | /pt/blog/how-to-download-reddit-videos-with-audio/
https://getmediatools.com/ko/blog/audio-conversion/,8,33,30,-25,0,0,0,0,0,0,0,30,0,0,/ko/ | /ko/blog/ | /ko/blog/10-tiktok-editing-tips-viral-2026/ | /ko/blog/5-best-ways-to-save-twitter-videos/ | /ko/blog/anonymous-tiktok-story-viewer/ | /ko/blog/anonymous-viewing/ | /ko/blog/audio-conversion/ | /ko/blog/best-free-video-editors-tiktok/ | /ko/blog/best-tiktok-downloaders-2026/ | /ko/blog/bulk-download-tiktok-videos/ | /ko/blog/creator-assets/ | /ko/blog/creator-growth/ | /ko/blog/download-facebook-reels-to-phone/ | /ko/blog/download-instagram-reels-without-watermark/ | /ko/blog/downloading-media/
https://getmediatools.com/fr/blog/watch-tiktok-without-app/,7,12,6,-5,0,0,0,0,6,0,0,0,0,0,/fr/ | /fr/blog/ | /fr/blog/anonymous-viewing/ | /fr/blog/download-facebook-reels-to-phone/ | /fr/blog/how-to-become-a-content-creator/ | /fr/blog/mp3-juice-free-music-downloaders-safe/
https://getmediatools.com/ko/blog/watch-tiktok-without-app/,7,12,6,-5,0,0,0,0,0,0,0,6,0,0,/ko/ | /ko/blog/ | /ko/blog/anonymous-viewing/ | /ko/blog/download-facebook-reels-to-phone/ | /ko/blog/how-to-become-a-content-creator/ | /ko/blog/mp3-juice-free-music-downloaders-safe/
https://getmediatools.com/pt/blog/how-to-download-reddit-videos-with-audio/,7,13,7,-6,0,0,0,7,0,0,0,0,0,0,/pt/ | /pt/blog/ | /pt/blog/10-tiktok-editing-tips-viral-2026/ | /pt/blog/5-best-ways-to-save-twitter-videos/ | /pt/blog/downloading-media/ | /pt/blog/how-to-download-tiktok-iphone-no-app/ | /pt/blog/tiktok-banned-how-to-access-download/
https://getmediatools.com/ko/blog/creator-assets/,6,33,29,-27,0,0,0,0,0,0,0,29,0,0,/ko/ | /ko/blog/ | /ko/blog/10-tiktok-editing-tips-viral-2026/ | /ko/blog/5-best-ways-to-save-twitter-videos/ | /ko/blog/anonymous-tiktok-story-viewer/ | /ko/blog/anonymous-viewing/ | /ko/blog/audio-conversion/ | /ko/blog/best-free-video-editors-tiktok/ | /ko/blog/best-tiktok-downloaders-2026/ | /ko/blog/bulk-download-tiktok-videos/ | /ko/blog/creator-assets/ | /ko/blog/creator-growth/ | /ko/blog/download-facebook-reels-to-phone/ | /ko/blog/download-instagram-reels-without-watermark/ | /ko/blog/downloading-media/
https://getmediatools.com/blog/watch-tiktok-without-app/,5,11,7,-6,7,0,0,0,0,0,0,0,0,0,/blog/ | /blog/anonymous-viewing/ | /blog/how-to-use-tiktok-without-an-account-bypass-login-app-prompts/ | /blog/how-to-view-facebook-profiles-anonymously-without-an-account/ | /blog/how-to-watch-tiktok-on-a-desktop-browser-without-the-app-or-an-account/ | /blog/tiktok-unblocked-how-to-bypass-school-work-and-geo-bans-instantly/ | /en/blog/watch-tiktok-without-app/
https://getmediatools.com/de/blog/watch-tiktok-without-app/,5,12,6,-7,0,0,0,0,0,6,0,0,0,0,/de/ | /de/blog/ | /de/blog/anonymous-viewing/ | /de/blog/download-facebook-reels-to-phone/ | /de/blog/how-to-become-a-content-creator/ | /de/blog/mp3-juice-free-music-downloaders-safe/
